province,region,date,temperature_2m_mean,temperature_2m_max,temperature_2m_min,apparent_temperature_mean,apparent_temperature_max,apparent_temperature_min,precipitation_sum,rain_sum,showers_sum,precipitation_hours,relative_humidity_2m_mean,wind_speed_10m_max,wind_gusts_10m_max,shortwave_radiation_sum,pressure_msl_mean,cloud_cover_mean,dew_point_2m_mean,snowfall_sum,et0_fao_evapotranspiration,latitude,longitude,sunshine_hours,daylight_hours,month,week,weather_code,wind_direction_10m_dominant,sunrise,sunset,season,uv_index_max,uv_index_clear_sky_max,precipitation_probability_max
Quảng Ngãi,Duyên hải Nam Trung Bộ,2025-12-06,18.339999999999996,21.2,15.9,19.16,21.74,16.72,4.4799999999999995,4.4799999999999995,0.0,13.6,90.8,18.02,46.56,13.594,1018.0,79.0,16.740000000000002,0.0,2.238,14.7379,108.4018,8.558,11.288,12,49,51,18,1970-01-21 10:16:40.692,1970-01-21 10:17:21.336,Đông,,,
Quảng Ngãi,Duyên hải Nam Trung Bộ,2025-12-07,17.52,21.44,15.06,17.580000000000002,20.96,15.06,1.24,1.24,0.0,5.8,85.4,18.619999999999997,48.6,14.724,1017.68,65.0,14.88,0.0,2.506,14.7379,108.4018,10.648,11.286,12,49,51,9,1970-01-21 10:18:07.140,1970-01-21 10:18:47.748,Đông,,,
Quảng Ngãi,Duyên hải Nam Trung Bộ,2025-12-08,17.06,19.74,14.82,17.240000000000002,19.96,14.6,6.5200000000000005,6.5200000000000005,0.0,15.6,92.8,18.3,48.48,6.694,1017.42,97.6,15.84,0.0,1.17,14.7379,108.4018,1.468,11.28,12,50,61,37,1970-01-21 10:19:33.552,1970-01-21 10:20:14.172,Đông,,,
Quảng Ngãi,Duyên hải Nam Trung Bộ,2025-12-09,17.68,20.2,15.44,18.08,20.24,15.52,1.88,1.88,0.0,9.6,91.0,16.240000000000002,42.12,9.224,1017.06,100.0,16.1,0.0,1.574,14.7379,108.4018,4.622,11.276,12,50,53,2,1970-01-21 10:21:00.000,1970-01-21 10:21:40.596,Đông,,,
Quảng Ngãi,Duyên hải Nam Trung Bộ,2025-12-10,18.98,20.82,17.419999999999998,20.74,23.02,18.36,11.62,11.62,0.0,23.0,95.6,13.18,36.66,6.268000000000001,1015.7,99.8,18.26,0.0,1.11,14.7379,108.4018,1.4620000000000002,11.272,12,50,51,4,1970-01-21 10:22:26.412,1970-01-21 10:23:07.008,Đông,,,
Quảng Ngãi,Duyên hải Nam Trung Bộ,2025-12-11,20.2,23.619999999999997,18.4,22.46,25.96,20.360000000000003,6.44,6.44,0.0,19.8,93.8,13.12,36.36,11.606,1015.9,90.2,19.1,0.0,2.018,14.7379,108.4018,6.928,11.268,12,50,51,17,1970-01-21 10:23:52.872,1970-01-21 10:24:33.432,Đông,,,
Quảng Ngãi,Duyên hải Nam Trung Bộ,2025-12-12,20.44,24.22,17.94,22.56,26.380000000000003,19.78,4.220000000000001,4.220000000000001,0.0,14.0,89.6,11.68,30.54,14.576,1015.76,84.0,18.54,0.0,2.632,14.7379,108.4018,8.815999999999999,11.266,12,50,51,37,1970-01-21 10:25:19.296,1970-01-21 10:25:59.856,Đông,,,
Quảng Ngãi,Duyên hải Nam Trung Bộ,2025-12-13,19.68,23.2,17.240000000000002,21.22,24.94,18.58,4.4799999999999995,4.4799999999999995,0.0,12.8,91.0,14.94,39.66,13.75,1016.48,93.8,18.08,0.0,2.398,14.7379,108.4018,9.022,11.262,12,50,51,10,1970-01-21 10:26:45.732,1970-01-21 10:27:26.268,Đông,,,
Quảng Ngãi,Duyên hải Nam Trung Bộ,2025-12-14,18.660000000000004,20.04,17.52,19.72,21.16,18.28,13.919999999999998,13.919999999999998,0.0,23.8,97.2,18.2,48.68000000000001,7.342,1017.4,99.0,18.16,0.0,1.152,14.7379,108.4018,2.492,11.262,12,50,61,7,1970-01-21 10:28:12.168,1970-01-21 10:28:52.692,Đông,,,
Quảng Ngãi,Duyên hải Nam Trung Bộ,2025-12-15,18.96,22.06,17.44,20.24,23.08,18.36,5.46,5.46,0.0,17.8,93.2,15.7,41.260000000000005,12.706,1017.32,95.2,17.759999999999998,0.0,2.1100000000000003,14.7379,108.4018,8.124,11.258,12,51,51,42,1970-01-21 10:29:38.592,1970-01-21 10:30:19.116,Đông,,,
Quảng Ngãi,Duyên hải Nam Trung Bộ,2025-12-16,19.48,22.880000000000003,17.94,21.2,24.3,19.56,3.979999999999999,3.979999999999999,0.0,13.2,92.4,14.039999999999996,36.1,11.456,1016.64,91.6,18.119999999999997,0.0,2.014,14.7379,108.4018,6.959999999999999,11.256,12,51,51,7,1970-01-21 10:31:05.028,1970-01-21 10:31:45.552,Đông,,,
Quảng Ngãi,Duyên hải Nam Trung Bộ,2025-12-17,19.04,21.619999999999997,17.06,20.5,23.54,17.619999999999997,22.98,22.98,0.0,14.0,94.8,16.32,46.64,8.67,1017.26,96.6,18.16,0.0,1.48,14.7379,108.4018,3.682,11.256,12,51,65,40,1970-01-21 10:32:31.452,1970-01-21 10:33:11.976,Đông,,,
Quảng Ngãi,Duyên hải Nam Trung Bộ,2025-12-18,18.92,22.66,15.64,19.619999999999997,22.96,15.8,0.94,0.94,0.0,6.6,87.4,17.02,45.16,15.48,1016.68,78.6,16.619999999999997,0.0,2.652,14.7379,108.4018,10.73,11.256,12,51,51,2,1970-01-21 10:33:57.888,1970-01-21 10:34:38.412,Đông,,,
Quảng Ngãi,Duyên hải Nam Trung Bộ,2025-12-19,19.6,22.360000000000003,17.78,21.16,23.66,19.119999999999997,0.58,0.58,0.0,3.2,90.2,14.5,37.3,10.602,1014.62,98.0,17.84,0.0,1.922,14.7379,108.4018,5.212,11.252,12,51,51,0,1970-01-21 10:35:24.312,1970-01-21 10:36:04.812,Đông,,,
Quảng Ngãi,Duyên hải Nam Trung Bộ,2025-12-20,20.119999999999997,23.76,18.14,22.08,25.860000000000003,20.14,4.5600000000000005,4.5600000000000005,0.0,10.2,90.0,13.02,35.78,14.352,1014.1,97.8,18.32,0.0,2.5420000000000003,14.7379,108.4018,8.516,11.252,12,51,51,32,1970-01-21 10:36:50.760,1970-01-21 10:37:31.260,Đông,,,
Quảng Ngãi,Duyên hải Nam Trung Bộ,2025-12-21,19.72,21.74,18.639999999999997,21.58,24.1,20.06,25.32,25.32,0.0,23.8,97.4,16.16,46.64,9.492,1014.68,99.2,19.28,0.0,1.53,14.7379,108.4018,4.9799999999999995,11.252,12,51,63,18,1970-01-21 10:38:17.172,1970-01-21 10:38:57.672,Đông,,,
Quảng Ngãi,Duyên hải Nam Trung Bộ,2025-12-22,19.24,21.84,17.880000000000003,20.880000000000003,23.46,19.2,11.12,11.12,0.0,19.2,95.0,15.9,44.3,12.748,1015.06,93.8,18.380000000000003,0.0,2.028,14.7379,108.4018,7.01,11.252,12,52,51,9,1970-01-21 10:39:43.620,1970-01-21 10:40:24.120,Đông,,,
Quảng Ngãi,Duyên hải Nam Trung Bộ,2025-12-23,19.42,22.880000000000003,17.0,21.08,24.32,18.42,2.3,2.3,0.0,6.8,90.0,12.9,34.92,14.708000000000002,1014.56,88.8,17.580000000000002,0.0,2.56,14.7379,108.4018,9.868,11.252,12,52,51,47,1970-01-21 10:41:10.032,1970-01-21 10:41:50.532,Đông,,,
Quảng Ngãi,Duyên hải Nam Trung Bộ,2025-12-24,20.1,24.06,16.619999999999997,22.06,25.880000000000003,17.84,0.26,0.26,0.0,2.0,87.8,11.28,31.24,14.336000000000002,1013.54,91.4,17.860000000000003,0.0,2.596,14.7379,108.4018,9.888,11.256,12,52,3,14,1970-01-21 10:42:36.480,1970-01-21 10:43:16.992,Đông,,,
Quảng Ngãi,Duyên hải Nam Trung Bộ,2025-12-25,19.18,20.54,17.66,20.92,22.380000000000003,18.46,10.46,10.46,0.0,16.2,95.4,14.66,39.459999999999994,7.314,1015.3,100.0,18.42,0.0,1.242,14.7379,108.4018,3.184,11.256,12,52,51,6,1970-01-21 10:44:02.892,1970-01-21 10:44:43.416,Đông,,,
Quảng Ngãi,Duyên hải Nam Trung Bộ,2025-12-26,17.46,18.880000000000003,16.360000000000003,18.0,19.26,17.2,7.859999999999999,7.859999999999999,0.0,14.2,93.6,15.88,41.54,6.859999999999999,1017.22,99.6,16.34,0.0,1.17,14.7379,108.4018,1.314,11.256,12,52,51,9,1970-01-21 10:45:29.328,1970-01-21 10:46:09.852,Đông,,,
Quảng Ngãi,Duyên hải Nam Trung Bộ,2025-12-27,17.86,21.26,16.1,18.8,21.74,16.880000000000003,2.74,2.74,0.0,9.0,90.6,15.580000000000002,40.32,13.126,1017.38,95.2,16.16,0.0,2.198,14.7379,108.4018,8.084,11.256,12,52,53,41,1970-01-21 10:46:55.752,1970-01-21 10:47:36.276,Đông,,,
Quảng Ngãi,Duyên hải Nam Trung Bộ,2025-12-28,18.380000000000003,21.82,16.2,19.58,22.44,17.64,1.82,1.82,0.0,8.2,89.4,13.62,37.02,14.556,1017.3,84.6,16.4,0.0,2.49,14.7379,108.4018,9.42,11.258,12,52,51,43,1970-01-21 10:48:22.188,1970-01-21 10:49:02.712,Đông,,,
Quảng Ngãi,Duyên hải Nam Trung Bộ,2025-12-29,18.18,22.3,14.919999999999998,19.520000000000003,23.34,16.04,2.74,2.74,0.0,10.2,88.4,10.58,29.04,14.218,1015.98,75.4,16.04,0.0,2.524,14.7379,108.4018,8.91,11.262,12,1,53,20,1970-01-21 10:49:48.612,1970-01-21 10:50:29.148,Đông,,,
Quảng Ngãi,Duyên hải Nam Trung Bộ,2025-12-30,18.119999999999997,21.28,16.32,19.380000000000003,21.7,17.7,1.58,1.58,0.0,9.6,88.2,11.44,30.880000000000003,12.754,1014.9,96.4,16.02,0.0,2.224,14.7379,108.4018,7.464,11.266,12,1,51,26,1970-01-21 10:51:15.012,1970-01-21 10:51:55.572,Đông,,,
Quảng Ngãi,Duyên hải Nam Trung Bộ,2025-12-31,18.4,22.46,15.9,19.619999999999997,23.48,17.22,0.3399999999999999,0.3399999999999999,0.0,2.0,84.6,9.34,25.76,15.078,1013.34,91.0,15.54,0.0,2.68,14.7379,108.4018,9.754,11.266,12,1,51,20,1970-01-21 10:52:41.460,1970-01-21 10:53:22.008,Đông,,,
Quảng Ngãi,Duyên hải Nam Trung Bộ,2026-01-01,17.78,21.52,14.88,18.36,21.78,15.06,0.38,0.38,0.0,2.2,83.6,13.18,35.8,16.15,1015.24,66.0,14.74,0.0,2.75,14.7379,108.4018,10.472,11.268,1,1,51,35,1970-01-21 10:54:07.872,1970-01-21 10:54:48.432,Đông,,,
Quảng Ngãi,Duyên hải Nam Trung Bộ,2026-01-02,16.2,18.6,14.26,16.380000000000003,18.8,14.06,6.26,6.26,0.0,15.2,92.6,17.98,49.68,8.798,1018.5,85.0,14.94,0.0,1.35,14.7379,108.4018,3.646,11.272,1,1,51,0,1970-01-21 10:55:34.284,1970-01-21 10:56:14.892,Đông,,,
Quảng Ngãi,Duyên hải Nam Trung Bộ,2026-01-03,16.119999999999997,18.74,14.080000000000002,16.04,18.36,13.919999999999998,5.48,5.48,0.0,18.4,91.8,18.5,47.94,14.028,1019.34,86.4,14.7,0.0,2.082,14.7379,108.4018,9.03,11.276,1,1,51,17,1970-01-21 10:57:00.720,1970-01-21 10:57:41.304,Đông,,,
Quảng Ngãi,Duyên hải Nam Trung Bộ,2026-01-04,16.919999999999998,20.82,13.62,17.419999999999998,21.36,13.419999999999998,1.42,1.42,0.0,8.0,90.0,14.080000000000002,36.120000000000005,12.764,1018.66,91.6,15.12,0.0,2.146,14.7379,108.4018,8.940000000000001,11.282,1,1,51,0,1970-01-21 10:58:27.132,1970-01-21 10:59:07.752,Đông,,,
Quảng Ngãi,Duyên hải Nam Trung Bộ,2026-01-05,17.28,19.880000000000003,15.22,18.119999999999997,20.6,15.7,5.0200000000000005,5.0200000000000005,0.0,11.0,92.8,14.24,37.08,10.856,1019.02,90.8,16.06,0.0,1.7740000000000002,14.7379,108.4018,6.093999999999999,11.286,1,2,3,6,1970-01-21 10:59:53.532,1970-01-21 11:00:34.176,Đông,,,
Quảng Ngãi,Duyên hải Nam Trung Bộ,2026-01-06,16.34,19.54,14.62,16.259999999999998,18.86,14.56,5.4799999999999995,5.4799999999999995,0.0,14.4,91.0,18.7,49.9,13.186000000000002,1020.56,89.8,14.74,0.0,2.064,14.7379,108.4018,7.409999999999999,11.29,1,2,51,6,1970-01-21 11:01:19.980,1970-01-21 11:02:00.612,Đông,,,
Quảng Ngãi,Duyên hải Nam Trung Bộ,2026-01-07,15.18,17.28,13.919999999999998,14.82,16.7,13.48,5.12,5.12,0.0,15.6,93.4,17.1,44.36,8.828,1021.7,98.8,14.02,0.0,1.36,14.7379,108.4018,2.812,11.296,1,2,51,1,1970-01-21 11:02:46.392,1970-01-21 11:03:27.048,Đông,,,
Quảng Ngãi,Duyên hải Nam Trung Bộ,2026-01-08,14.34,16.86,12.16,13.28,15.26,11.0,5.66,5.66,0.0,12.8,90.4,19.48,49.48,12.094,1021.88,86.8,12.68,0.0,1.766,14.7379,108.4018,7.803999999999999,11.3,1,2,51,0,1970-01-21 11:04:12.792,1970-01-21 11:04:53.472,Đông,,,
Quảng Ngãi,Duyên hải Nam Trung Bộ,2026-01-09,13.78,17.14,11.06,12.5,15.88,9.56,0.4599999999999999,0.4599999999999999,0.0,2.6,83.2,16.48,42.54,11.634,1020.68,77.2,10.84,0.0,1.886,14.7379,108.4018,7.054,11.306,1,2,51,32,1970-01-21 11:05:39.228,1970-01-21 11:06:19.932,Đông,,,
Quảng Ngãi,Duyên hải Nam Trung Bộ,2026-01-10,14.56,18.66,10.68,13.84,18.08,9.42,0.24,0.24,0.0,2.0,81.8,11.98,32.54,15.162,1019.32,76.8,11.22,0.0,2.48,14.7379,108.4018,8.914,11.312,1,2,3,32,1970-01-21 11:07:05.640,1970-01-21 11:07:46.356,Đông,,,
Quảng Ngãi,Duyên hải Nam Trung Bộ,2026-01-11,14.96,19.0,11.48,14.24,17.88,10.3,0.48,0.48,0.0,3.4,83.6,16.080000000000002,42.059999999999995,14.34,1021.22,66.2,11.98,0.0,2.35,14.7379,108.4018,8.122,11.318,1,2,51,3,1970-01-21 11:08:32.052,1970-01-21 11:09:12.792,Đông,,,
Quảng Ngãi,Duyên hải Nam Trung Bộ,2026-01-12,15.76,21.7,10.78,15.8,22.84,9.82,0.0,0.0,0.0,0.0,83.4,10.36,26.58,14.907999999999998,1019.62,86.0,12.7,0.0,2.6079999999999997,14.7379,108.4018,8.57,11.326,1,3,3,0,1970-01-21 11:09:58.452,1970-01-21 11:10:39.228,Đông,,,
Quảng Ngãi,Duyên hải Nam Trung Bộ,2026-01-13,16.9,21.92,13.74,17.16,22.7,13.580000000000002,0.02,0.02,0.0,0.2,81.6,12.66,33.0,19.139999999999997,1018.76,76.0,13.34,0.0,3.2619999999999996,14.7379,108.4018,10.492,11.33,1,3,3,3,1970-01-21 11:11:24.852,1970-01-21 11:12:05.652,Đông,,,
Quảng Ngãi,Duyên hải Nam Trung Bộ,2026-01-14,17.919999999999998,23.08,14.32,19.160000000000004,24.84,14.96,0.2799999999999999,0.2799999999999999,0.0,2.0,84.8,8.12,23.6,14.95,1016.54,78.6,15.04,0.0,2.698,14.7379,108.4018,7.856,11.338,1,3,51,12,1970-01-21 11:12:51.288,1970-01-21 11:13:32.100,Đông,,,
Quảng Ngãi,Duyên hải Nam Trung Bộ,2026-01-15,18.82,23.64,16.18,20.26,25.380000000000003,17.54,0.44,0.44,0.0,4.0,85.4,10.58,29.24,16.024,1016.08,76.4,16.1,0.0,2.8899999999999997,14.7379,108.4018,8.836,11.346,1,3,51,16,1970-01-21 11:14:17.700,1970-01-21 11:14:58.536,Đông,,,
Quảng Ngãi,Duyên hải Nam Trung Bộ,2026-01-16,18.92,24.9,13.2,20.54,27.6,13.580000000000002,0.08,0.08,0.0,0.6,82.8,7.48,22.84,20.018,1014.16,62.4,15.48,0.0,3.622,14.7379,108.4018,10.83,11.352,1,3,3,23,1970-01-21 11:15:44.100,1970-01-21 11:16:24.972,Đông,,,
Quảng Ngãi,Duyên hải Nam Trung Bộ,2026-01-17,19.380000000000003,24.42,14.919999999999998,21.119999999999997,26.639999999999997,15.94,0.36,0.36,0.0,3.0,85.6,11.22,31.4,18.134,1012.6,82.6,16.619999999999997,0.0,3.3019999999999996,14.7379,108.4018,10.366,11.36,1,3,51,26,1970-01-21 11:17:10.500,1970-01-21 11:17:51.396,Đông,,,
Quảng Ngãi,Duyên hải Nam Trung Bộ,2026-01-18,19.0,23.9,15.419999999999998,20.46,25.82,16.3,0.54,0.54,0.0,3.2,83.8,11.2,30.660000000000004,18.896,1012.32,64.4,15.82,0.0,3.3920000000000003,14.7379,108.4018,10.834,11.37,1,3,51,10,1970-01-21 11:18:36.912,1970-01-21 11:19:17.832,Đông,,,
Quảng Ngãi,Duyên hải Nam Trung Bộ,2026-01-19,18.639999999999997,23.7,14.48,19.84,25.380000000000003,14.94,0.02,0.02,0.0,0.2,81.2,9.72,28.1,21.272,1013.56,75.2,14.78,0.0,3.772,14.7379,108.4018,11.178,11.376,1,4,3,9,1970-01-21 11:20:03.312,1970-01-21 11:20:44.268,Đông,,,
Quảng Ngãi,Duyên hải Nam Trung Bộ,2026-01-20,17.5,22.72,13.1,18.14,23.54,13.16,0.2799999999999999,0.2799999999999999,0.0,1.8,83.6,13.38,37.5,18.82,1015.34,43.2,14.320000000000002,0.0,3.258,14.7379,108.4018,10.834,11.386,1,4,51,15,1970-01-21 11:21:29.712,1970-01-21 11:22:10.692,Đông,,,
Quảng Ngãi,Duyên hải Nam Trung Bộ,2026-01-21,16.68,21.22,13.2,16.9,21.119999999999997,13.12,1.46,1.46,0.0,7.2,86.8,15.52,42.56,16.596,1017.68,64.8,14.26,0.0,2.752,14.7379,108.4018,10.506,11.392,1,4,51,10,1970-01-21 11:22:56.112,1970-01-21 11:23:37.140,Đông,,,
Quảng Ngãi,Duyên hải Nam Trung Bộ,2026-01-22,16.4,19.380000000000003,14.0,16.880000000000003,19.66,14.32,6.14,6.14,0.0,14.0,93.0,14.539999999999996,41.54,11.512,1019.62,85.6,15.14,0.0,1.828,14.7379,108.4018,7.093999999999999,11.4,1,4,61,39,1970-01-21 11:24:22.512,1970-01-21 11:25:03.552,Đông,,,
Quảng Ngãi,Duyên hải Nam Trung Bộ,2026-01-23,16.3,18.98,14.8,16.84,19.66,14.86,6.36,6.36,0.0,19.4,93.8,14.12,38.8,11.036,1020.84,93.6,15.3,0.0,1.7259999999999998,14.7379,108.4018,5.358,11.41,1,4,51,13,1970-01-21 11:25:48.912,1970-01-21 11:26:30.000,Đông,,,
Quảng Ngãi,Duyên hải Nam Trung Bộ,2026-01-24,16.68,20.02,14.34,17.259999999999998,20.64,14.78,3.64,3.64,0.0,12.8,89.6,11.76,32.56,13.324000000000002,1020.38,84.6,14.76,0.0,2.232,14.7379,108.4018,7.918000000000001,11.42,1,4,51,17,1970-01-21 11:27:15.312,1970-01-21 11:27:56.412,Đông,,,
Quảng Ngãi,Duyên hải Nam Trung Bộ,2026-01-25,16.78,23.06,10.62,17.4,24.44,10.02,0.1,0.1,0.0,1.0,82.0,9.56,27.42,21.362,1018.48,76.6,13.12,0.0,3.7,14.7379,108.4018,11.054,11.43,1,4,3,16,1970-01-21 11:28:41.712,1970-01-21 11:29:22.860,Đông,,,
Quảng Ngãi,Duyên hải Nam Trung Bộ,2026-01-26,17.16,21.58,13.06,17.94,22.14,13.26,0.82,0.82,0.0,4.0,86.4,10.76,30.160000000000004,15.578,1018.9,67.6,14.62,0.0,2.698,14.7379,108.4018,9.82,11.44,1,5,51,1,1970-01-21 11:30:08.112,1970-01-21 11:30:49.272,Đông,,,
Quảng Ngãi,Duyên hải Nam Trung Bộ,2026-01-27,16.72,20.86,12.82,17.3,21.26,12.58,0.86,0.86,0.0,3.8,88.4,11.8,31.9,12.722,1019.38,72.6,14.66,0.0,2.2,14.7379,108.4018,7.13,11.45,1,5,51,34,1970-01-21 11:31:34.500,1970-01-21 11:32:15.720,Đông,,,
Quảng Ngãi,Duyên hải Nam Trung Bộ,2026-01-28,17.3,21.54,14.04,17.86,21.9,14.28,1.54,1.54,0.0,9.0,87.4,14.82,39.94,15.138,1019.06,82.2,15.06,0.0,2.582,14.7379,108.4018,9.284,11.46,1,5,51,15,1970-01-21 11:33:00.900,1970-01-21 11:33:42.132,Đông,,,
Quảng Ngãi,Duyên hải Nam Trung Bộ,2026-01-29,17.96,22.72,14.28,19.1,24.02,14.96,0.3,0.3,0.0,2.4,84.4,9.2,26.4,17.418,1018.36,78.2,14.94,0.0,3.102,14.7379,108.4018,10.332,11.47,1,5,51,43,1970-01-21 11:34:27.300,1970-01-21 11:35:08.580,Đông,,,
Quảng Ngãi,Duyên hải Nam Trung Bộ,2026-01-30,18.6,24.36,13.82,19.94,26.160000000000004,14.48,0.02,0.02,0.0,0.2,83.4,10.84,29.46,18.482,1018.26,76.0,15.4,0.0,3.378,14.7379,108.4018,10.208000000000002,11.48,1,5,3,16,1970-01-21 11:35:53.688,1970-01-21 11:36:34.992,Đông,,,
Quảng Ngãi,Duyên hải Nam Trung Bộ,2026-01-31,18.4,22.64,15.46,19.3,23.08,16.2,1.08,1.08,0.0,5.6,84.2,13.7,37.72,16.562,1019.12,89.4,15.46,0.0,2.936,14.7379,108.4018,9.726,11.49,1,5,3,17,1970-01-21 11:37:20.052,1970-01-21 11:38:01.440,Đông,,,
Quảng Ngãi,Duyên hải Nam Trung Bộ,2026-02-01,17.5,22.02,14.22,18.06,22.42,14.44,2.5,2.5,0.0,8.6,87.6,15.38,40.96,15.968,1019.8,82.8,15.22,0.0,2.734,14.7379,108.4018,9.952,11.5,2,5,51,4,1970-01-21 11:38:46.452,1970-01-21 11:39:27.852,Đông,,,
Quảng Ngãi,Duyên hải Nam Trung Bộ,2026-02-02,17.1,19.619999999999997,15.22,17.84,20.64,15.52,11.1,11.1,0.0,21.0,95.2,14.580000000000002,41.48,9.708,1020.36,97.6,16.32,0.0,1.536,14.7379,108.4018,3.5119999999999996,11.51,2,6,61,13,1970-01-21 11:40:12.840,1970-01-21 11:40:54.288,Đông,,,
Quảng Ngãi,Duyên hải Nam Trung Bộ,2026-02-03,17.22,19.58,16.1,17.88,19.94,16.68,5.66,5.66,0.0,16.0,93.4,15.86,40.62,9.908,1020.84,99.0,16.119999999999997,0.0,1.61,14.7379,108.4018,3.776,11.52,2,6,51,15,1970-01-21 11:41:39.240,1970-01-21 11:42:20.712,Đông,,,
Quảng Ngãi,Duyên hải Nam Trung Bộ,2026-02-04,18.22,23.16,14.66,19.4,24.58,15.24,0.18,0.18,0.0,1.6,86.2,10.26,27.78,16.607999999999997,1018.8,88.2,15.580000000000002,0.0,2.964,14.7379,108.4018,9.59,11.534,2,6,3,44,1970-01-21 11:43:05.640,1970-01-21 11:43:47.148,Đông,,,
Quảng Ngãi,Duyên hải Nam Trung Bộ,2026-02-05,19.9,25.880000000000003,15.06,22.06,28.8,16.04,0.0,0.0,0.0,0.0,84.6,8.459999999999999,25.5,18.826,1016.3,89.8,16.919999999999998,0.0,3.53,14.7379,108.4018,10.664,11.548,2,6,3,33,1970-01-21 11:44:31.992,1970-01-21 11:45:13.572,Đông,,,
Quảng Ngãi,Duyên hải Nam Trung Bộ,2026-02-06,21.14,27.18,17.06,23.76,30.74,18.9,0.26,0.26,0.0,0.8,83.8,9.739999999999998,27.78,20.326,1014.76,57.6,17.98,0.0,3.866,14.7379,108.4018,11.014,11.56,2,6,3,23,1970-01-21 11:45:58.380,1970-01-21 11:46:39.996,Đông,,,
Quảng Ngãi,Duyên hải Nam Trung Bộ,2026-02-07,20.119999999999997,24.24,17.66,22.04,26.4,19.04,1.0,1.0,0.0,6.6,86.4,12.02,32.019999999999996,15.563999999999998,1016.12,96.6,17.580000000000002,0.0,2.932,14.7379,108.4018,8.378,11.57,2,6,51,22,1970-01-21 11:47:24.780,1970-01-21 11:48:06.420,Đông,,,
Quảng Ngãi,Duyên hải Nam Trung Bộ,2026-02-08,17.72,20.44,15.82,18.26,20.979999999999997,16.380000000000003,5.98,5.98,0.0,16.8,90.6,18.02,50.26,15.906,1018.64,86.4,16.119999999999997,0.0,2.4579999999999997,14.7379,108.4018,10.158,11.58,2,6,51,16,1970-01-21 11:48:51.132,1970-01-21 11:49:32.832,Đông,,,
Quảng Ngãi,Duyên hải Nam Trung Bộ,2026-02-09,17.8,21.119999999999997,15.88,18.6,22.06,16.46,4.74,4.74,0.0,15.0,91.0,15.56,41.2,15.580000000000002,1018.28,94.6,16.2,0.0,2.56,14.7379,108.4018,8.106,11.59,2,7,51,21,1970-01-21 11:50:17.532,1970-01-21 11:50:59.268,Đông,,,
Quảng Ngãi,Duyên hải Nam Trung Bộ,2026-02-10,18.32,22.96,14.48,19.58,24.619999999999997,15.14,0.62,0.62,0.0,4.6,85.8,10.88,29.68,18.03,1018.2,88.8,15.66,0.0,3.162,14.7379,108.4018,10.034,11.6,2,7,51,15,1970-01-21 11:51:43.920,1970-01-21 11:52:25.692,Đông,,,
Quảng Ngãi,Duyên hải Nam Trung Bộ,2026-02-11,18.9,23.0,15.14,20.48,25.22,16.02,1.34,1.34,0.0,6.4,88.6,10.84,29.32,15.298000000000002,1019.32,88.0,16.78,0.0,2.724,14.7379,108.4018,8.36,11.616,2,7,3,10,1970-01-21 11:53:10.320,1970-01-21 11:53:52.092,Đông,,,
Quảng Ngãi,Duyên hải Nam Trung Bộ,2026-02-12,19.18,23.639999999999997,16.02,20.52,25.44,17.02,0.3399999999999999,0.3399999999999999,0.0,2.8,84.2,12.18,33.9,19.901999999999997,1017.82,66.0,16.16,0.0,3.524,14.7379,108.4018,11.256,11.63,2,7,3,10,1970-01-21 11:54:36.672,1970-01-21 11:55:18.540,Đông,,,
Quảng Ngãi,Duyên hải Nam Trung Bộ,2026-02-13,18.880000000000003,24.42,14.6,19.94,26.46,14.86,0.0,0.0,0.0,0.0,78.8,11.38,31.520000000000003,22.5,1016.28,86.6,14.64,0.0,4.086,14.7379,108.4018,11.272,11.64,2,7,3,11,1970-01-21 11:56:03.060,1970-01-21 11:56:44.952,Đông,,,
Quảng Ngãi,Duyên hải Nam Trung Bộ,2026-02-14,18.74,24.16,14.14,19.44,25.660000000000004,13.96,0.02,0.02,0.0,0.2,76.6,12.6,35.72,21.064,1015.8,74.2,14.220000000000002,0.0,3.82,14.7379,108.4018,11.2,11.65,2,7,3,17,1970-01-21 11:57:29.412,1970-01-21 11:58:11.376,Đông,,,
Quảng Ngãi,Duyên hải Nam Trung Bộ,2026-02-15,19.72,25.44,14.62,21.08,28.3,14.1,0.02,0.02,0.0,0.2,77.0,10.1,29.0,19.928,1014.94,57.0,15.32,0.0,3.758,14.7379,108.4018,11.414,11.666,2,7,3,52,1970-01-21 11:58:55.800,1970-01-21 11:59:37.800,Đông,,,
Quảng Ngãi,Duyên hải Nam Trung Bộ,2026-02-16,20.68,25.94,15.76,22.76,28.24,16.86,0.12,0.12,0.0,1.0,83.8,10.98,30.619999999999997,19.738,1014.46,58.0,17.52,0.0,3.694,14.7379,108.4018,11.22,11.678,2,8,3,55,1970-01-21 12:00:22.200,1970-01-21 12:01:04.212,Đông,,,
Quảng Ngãi,Duyên hải Nam Trung Bộ,2026-02-17,20.28,24.5,17.66,22.2,26.5,19.36,2.74,2.74,0.0,11.4,88.4,13.920000000000002,37.64,16.972,1015.88,91.6,18.1,0.0,3.098,14.7379,108.4018,9.844,11.69,2,8,53,22,1970-01-21 12:01:48.540,1970-01-21 12:02:30.624,Đông,,,
Quảng Ngãi,Duyên hải Nam Trung Bộ,2026-02-18,19.5,22.44,17.68,21.119999999999997,24.02,19.1,7.8,7.8,0.0,17.6,92.2,15.38,41.48,14.946000000000002,1017.86,91.0,18.119999999999997,0.0,2.516,14.7379,108.4018,8.081999999999999,11.702,2,8,61,22,1970-01-21 12:03:14.940,1970-01-21 12:03:57.060,Đông,,,
Quảng Ngãi,Duyên hải Nam Trung Bộ,2026-02-19,18.92,22.42,17.04,20.1,23.74,18.18,4.9399999999999995,4.9399999999999995,0.0,14.8,90.6,16.84,43.78,17.368000000000002,1019.38,81.6,17.14,0.0,2.93,14.7379,108.4018,9.326,11.716,2,8,51,13,1970-01-21 12:04:41.280,1970-01-21 12:05:23.460,Đông,,,
Quảng Ngãi,Duyên hải Nam Trung Bộ,2026-02-20,18.86,22.7,16.82,19.96,23.6,18.04,3.1,3.1,0.0,12.0,88.0,14.34,38.18,16.59,1018.88,86.6,16.64,0.0,2.91,14.7379,108.4018,9.432,11.73,2,8,53,45,1970-01-21 12:06:07.680,1970-01-21 12:06:49.872,Đông,,,
Quảng Ngãi,Duyên hải Nam Trung Bộ,2026-02-21,19.6,26.76,13.04,21.48,30.24,13.34,0.0,0.0,0.0,0.0,81.2,9.12,24.84,23.622,1012.96,50.0,15.72,0.0,4.424,14.7379,108.4018,11.622,11.742,2,8,3,34,1970-01-21 12:07:34.020,1970-01-21 12:08:16.308,Đông,,,
Quảng Ngãi,Duyên hải Nam Trung Bộ,2026-02-22,21.4,28.48,16.419999999999998,23.880000000000003,32.14,17.8,0.16,0.16,0.0,1.2,80.6,11.84,34.06,22.734,1010.94,43.0,17.4,0.0,4.414,14.7379,108.4018,11.406,11.756,2,8,51,33,1970-01-21 12:09:00.420,1970-01-21 12:09:42.720,Đông,,,
Quảng Ngãi,Duyên hải Nam Trung Bộ,2026-02-23,21.78,27.839999999999996,18.34,24.34,31.22,20.8,0.54,0.54,0.0,3.4,80.8,9.64,27.8,22.978,1011.82,44.6,17.759999999999998,0.0,4.468,14.7379,108.4018,10.886,11.768,2,9,51,58,1970-01-21 12:10:26.760,1970-01-21 12:11:09.132,Đông,,,
Quảng Ngãi,Duyên hải Nam Trung Bộ,2026-02-24,21.28,27.660000000000004,16.16,23.7,31.06,17.46,0.1,0.1,0.0,1.0,80.6,10.28,29.96,23.184,1012.52,55.8,17.240000000000002,0.0,4.465999999999999,14.7379,108.4018,11.186,11.782,2,9,3,36,1970-01-21 12:11:53.160,1970-01-21 12:12:35.532,Đông,,,
Quảng Ngãi,Duyên hải Nam Trung Bộ,2026-02-25,21.42,27.52,16.64,23.76,30.54,18.36,0.02,0.02,0.0,0.2,79.4,10.2,29.02,23.948,1013.26,83.4,16.9,0.0,4.618,14.7379,108.4018,11.498,11.796,2,9,3,48,1970-01-21 12:13:19.500,1970-01-21 12:14:01.980,Đông,,,
Quảng Ngãi,Duyên hải Nam Trung Bộ,2026-02-26,22.0,27.380000000000003,18.54,25.06,31.22,21.18,2.74,2.74,0.0,6.4,85.8,9.26,27.96,17.322,1011.5,77.2,19.26,0.0,3.41,14.7379,108.4018,9.61,11.808000000000002,2,9,51,73,1970-01-21 12:14:45.852,1970-01-21 12:15:28.380,Đông,,,
Quảng Ngãi,Duyên hải Nam Trung Bộ,2026-02-27,20.74,23.46,19.5,24.3,27.42,22.66,22.68,22.68,0.0,14.8,96.4,5.98,20.08,8.462,1010.34,98.0,20.08,0.0,1.65,14.7379,108.4018,3.228,11.822,2,9,63,61,1970-01-21 12:16:12.240,1970-01-21 12:16:54.780,Đông,,,
Quảng Ngãi,Duyên hải Nam Trung Bộ,2026-02-28,22.0,28.48,18.32,25.58,33.36,20.66,4.8,4.8,0.0,5.2,88.8,7.74,24.76,19.65,1009.56,69.2,19.8,0.0,3.774,14.7379,108.4018,10.46,11.836,2,9,63,184,1970-01-21 12:17:38.592,1970-01-21 12:18:21.192,Đông,,,
Quảng Ngãi,Duyên hải Nam Trung Bộ,2026-03-01,22.44,29.22,18.44,26.18,34.46,20.78,7.98,7.98,0.0,6.0,88.2,7.74,24.84,19.48,1009.9,55.2,20.119999999999997,0.0,3.802000000000001,14.7379,108.4018,11.046,11.848,3,9,65,216,1970-01-21 12:19:04.980,1970-01-21 12:19:47.628,Xuân,,,
Quảng Ngãi,Duyên hải Nam Trung Bộ,2026-03-02,22.84,29.44,18.9,26.639999999999997,34.68,21.42,8.22,8.22,0.0,4.4,86.6,8.68,26.06,19.094,1011.18,46.4,20.26,0.0,3.74,14.7379,108.4018,11.562,11.861999999999998,3,10,61,212,1970-01-21 12:20:31.320,1970-01-21 12:21:14.040,Xuân,,,
Quảng Ngãi,Duyên hải Nam Trung Bộ,2026-03-03,22.44,29.360000000000003,18.64,26.26,34.86,21.12,8.14,8.14,0.0,5.2,87.8,7.32,26.48,19.278,1011.88,40.8,20.16,0.0,3.718,14.7379,108.4018,11.574,11.876,3,10,63,246,1970-01-21 12:21:57.708,1970-01-21 12:22:40.440,Xuân,,,
Quảng Ngãi,Duyên hải Nam Trung Bộ,2026-03-04,21.16,25.34,18.84,24.3,29.1,21.380000000000003,6.459999999999999,6.459999999999999,0.0,11.6,90.6,7.959999999999999,25.18,16.282,1013.64,73.0,19.5,0.0,2.984,14.7379,108.4018,9.706,11.888000000000002,3,10,53,6,1970-01-21 12:23:24.060,1970-01-21 12:24:06.852,Xuân,,,
Quảng Ngãi,Duyên hải Nam Trung Bộ,2026-03-05,20.14,23.4,18.42,22.5,25.72,20.56,2.34,2.34,0.0,9.8,91.0,10.12,27.56,11.572,1014.2,89.4,18.58,0.0,2.1879999999999997,14.7379,108.4018,5.032,11.902,3,10,51,1,1970-01-21 12:24:50.412,1970-01-21 12:25:33.252,Xuân,,,
Quảng Ngãi,Duyên hải Nam Trung Bộ,2026-03-06,19.3,21.46,17.98,21.2,23.84,19.78,20.08,20.08,0.0,17.0,94.2,12.46,36.36,14.008,1015.52,94.2,18.32,0.0,2.3600000000000003,14.7379,108.4018,7.1240000000000006,11.916,3,10,51,11,1970-01-21 12:26:16.800,1970-01-21 12:26:59.700,Xuân,,,
Quảng Ngãi,Duyên hải Nam Trung Bộ,2026-03-07,19.26,23.14,17.0,20.54,24.18,18.28,2.6,2.6,0.0,8.8,86.8,16.06,43.34,19.32,1016.82,69.0,16.759999999999998,0.0,3.37,14.7379,108.4018,9.488,11.93,3,10,53,44,1970-01-21 12:27:43.140,1970-01-21 12:28:26.100,Xuân,,,
Quảng Ngãi,Duyên hải Nam Trung Bộ,2026-03-08,19.28,23.66,15.86,20.46,25.2,16.54,1.72,1.72,0.0,7.2,85.8,15.7,41.760000000000005,19.104,1016.76,72.2,16.64,0.0,3.4,14.7379,108.4018,10.698,11.941999999999998,3,10,3,4,1970-01-21 12:29:09.504,1970-01-21 12:29:52.500,Xuân,,,
Quảng Ngãi,Duyên hải Nam Trung Bộ,2026-03-09,19.380000000000003,21.619999999999997,17.880000000000003,20.92,23.1,19.4,11.84,11.84,0.0,21.6,94.8,16.9,46.88,12.79,1017.48,93.6,18.44,0.0,2.07,14.7379,108.4018,5.6579999999999995,11.958000000000002,3,11,63,9,1970-01-21 12:30:35.880,1970-01-21 12:31:18.900,Xuân,,,
Quảng Ngãi,Duyên hải Nam Trung Bộ,2026-03-10,18.68,20.880000000000003,17.36,19.8,22.56,18.4,18.16,18.16,0.0,23.8,95.4,17.380000000000003,47.3,14.163999999999998,1018.54,93.2,17.96,0.0,2.16,14.7379,108.4018,5.544,11.97,3,11,63,16,1970-01-21 12:32:02.220,1970-01-21 12:32:45.312,Xuân,,,
Quảng Ngãi,Duyên hải Nam Trung Bộ,2026-03-11,18.54,21.84,16.380000000000003,19.8,23.56,17.259999999999998,5.14,5.14,0.0,15.6,90.8,15.080000000000002,38.96,16.582,1017.34,84.8,16.94,0.0,2.81,14.7379,108.4018,9.874,11.982,3,11,51,45,1970-01-21 12:33:28.584,1970-01-21 12:34:11.712,Xuân,,,
Quảng Ngãi,Duyên hải Nam Trung Bộ,2026-03-12,18.32,21.42,16.56,19.68,23.2,17.86,9.16,9.16,0.0,17.6,93.0,13.6,38.3,14.532,1016.56,94.4,17.1,0.0,2.416,14.7379,108.4018,6.878,12.0,3,11,51,22,1970-01-21 12:34:54.960,1970-01-21 12:35:38.148,Xuân,,,
Quảng Ngãi,Duyên hải Nam Trung Bộ,2026-03-13,18.24,21.74,16.46,19.08,22.8,17.0,8.64,8.64,0.0,19.8,91.2,17.619999999999997,47.46,15.032,1017.36,94.8,16.64,0.0,2.496,14.7379,108.4018,7.025999999999999,12.01,3,11,51,20,1970-01-21 12:36:21.300,1970-01-21 12:37:04.560,Xuân,,,
Quảng Ngãi,Duyên hải Nam Trung Bộ,2026-03-14,18.16,21.16,16.54,18.94,21.46,17.3,15.68,15.68,0.0,17.8,91.0,17.880000000000003,45.72,14.212,1018.56,81.4,16.6,0.0,2.318,14.7379,108.4018,7.454000000000001,12.028,3,11,61,23,1970-01-21 12:37:47.640,1970-01-21 12:38:30.960,Xuân,,,
Quảng Ngãi,Duyên hải Nam Trung Bộ,2026-03-15,18.08,21.66,15.22,19.02,22.44,15.8,2.82,2.82,0.0,10.6,89.0,13.38,35.14,14.174,1018.7,80.0,16.119999999999997,0.0,2.472,14.7379,108.4018,7.56,12.04,3,11,53,1,1970-01-21 12:39:14.040,1970-01-21 12:39:57.360,Xuân,,,
Quảng Ngãi,Duyên hải Nam Trung Bộ,2026-03-16,18.84,22.82,16.2,20.2,24.42,17.3,1.5799999999999998,1.5799999999999998,0.0,8.0,87.2,11.4,31.9,17.554000000000002,1016.64,85.2,16.48,0.0,3.134,14.7379,108.4018,9.216,12.05,3,12,51,6,1970-01-21 12:40:40.380,1970-01-21 12:41:23.760,Xuân,,,
Quảng Ngãi,Duyên hải Nam Trung Bộ,2026-03-17,19.98,25.34,16.380000000000003,21.9,27.98,17.84,0.12,0.12,0.0,1.0,82.4,8.879999999999999,24.98,20.522,1015.24,59.4,16.56,0.0,3.851999999999999,14.7379,108.4018,10.644,12.07,3,12,51,22,1970-01-21 12:42:06.720,1970-01-21 12:42:50.160,Xuân,,,
Quảng Ngãi,Duyên hải Nam Trung Bộ,2026-03-18,20.619999999999997,27.04,15.72,22.96,30.78,16.939999999999998,0.06,0.06,0.0,0.4,82.6,11.0,31.52,24.836,1014.98,43.4,17.16,0.0,4.6899999999999995,14.7379,108.4018,11.89,12.08,3,12,3,43,1970-01-21 12:43:33.084,1970-01-21 12:44:16.572,Xuân,,,
Quảng Ngãi,Duyên hải Nam Trung Bộ,2026-03-19,21.1,27.22,16.72,23.5,31.119999999999997,18.04,0.32,0.32,0.0,1.6,80.6,11.72,33.42,24.502,1014.26,51.4,17.14,0.0,4.664,14.7379,108.4018,11.696000000000002,12.1,3,12,51,40,1970-01-21 12:44:59.460,1970-01-21 12:45:42.984,Xuân,,,
Quảng Ngãi,Duyên hải Nam Trung Bộ,2026-03-20,21.160000000000004,27.360000000000003,15.920000000000002,23.82,31.24,17.6,0.5,0.5,0.0,2.2,82.8,9.56,27.94,23.872,1014.02,41.2,17.7,0.0,4.601999999999999,14.7379,108.4018,11.696000000000002,12.11,3,12,3,29,1970-01-21 12:46:25.800,1970-01-21 12:47:09.420,Xuân,,,
Quảng Ngãi,Duyên hải Nam Trung Bộ,2026-03-21,21.04,26.74,15.86,23.4,30.139999999999997,17.22,0.06,0.06,0.0,0.4,81.0,10.68,30.839999999999996,25.072,1015.12,39.6,17.16,0.0,4.766,14.7379,108.4018,11.898,12.12,3,12,3,60,1970-01-21 12:47:52.152,1970-01-21 12:48:35.820,Xuân,,,
Quảng Ngãi,Duyên hải Nam Trung Bộ,2026-03-22,21.28,27.32,16.36,23.619999999999997,30.78,17.44,0.04,0.04,0.0,0.4,79.2,10.62,29.8,25.524,1014.42,42.4,16.939999999999998,0.0,4.886,14.7379,108.4018,11.9,12.14,3,12,3,61,1970-01-21 12:49:18.540,1970-01-21 12:50:02.220,Xuân,,,
Quảng Ngãi,Duyên hải Nam Trung Bộ,2026-03-23,21.66,28.32,16.240000000000002,24.02,31.839999999999996,17.4,0.1399999999999999,0.1399999999999999,0.0,1.2,77.2,10.32,28.5,25.994,1013.68,33.2,16.66,0.0,5.0520000000000005,14.7379,108.4018,11.7,12.15,3,13,3,53,1970-01-21 12:50:44.880,1970-01-21 12:51:28.620,Xuân,,,
Quảng Ngãi,Duyên hải Nam Trung Bộ,2026-03-24,21.58,28.660000000000004,15.16,23.66,31.96,15.6,0.0,0.0,0.0,0.0,73.8,9.56,27.640000000000004,26.474,1012.3,20.8,15.8,0.0,5.1899999999999995,14.7379,108.4018,11.904,12.162,3,13,3,36,1970-01-21 12:52:11.220,1970-01-21 12:52:55.020,Xuân,,,
Quảng Ngãi,Duyên hải Nam Trung Bộ,2026-03-25,21.72,28.6,14.920000000000002,23.86,32.24,15.14,0.0,0.0,0.0,0.0,73.0,9.92,29.24,26.456,1012.74,23.8,15.9,0.0,5.204000000000001,14.7379,108.4018,11.906,12.18,3,13,3,44,1970-01-21 12:53:37.608,1970-01-21 12:54:21.420,Xuân,,,
Quảng Ngãi,Duyên hải Nam Trung Bộ,2026-03-26,22.84,30.7,16.06,25.2,33.78,16.64,0.06,0.06,0.0,0.6,71.2,9.8,27.72,26.714,1012.02,25.8,16.16,0.0,5.412,14.7379,108.4018,11.908,12.19,3,13,3,38,1970-01-21 12:55:03.960,1970-01-21 12:55:47.832,Xuân,,,
Quảng Ngãi,Duyên hải Nam Trung Bộ,2026-03-27,23.34,31.58,16.54,25.380000000000003,34.46,17.44,0.0,0.0,0.0,0.0,66.0,9.54,27.72,26.877999999999997,1010.92,10.4,15.4,0.0,5.529999999999999,14.7379,108.4018,11.91,12.208000000000002,3,13,0,48,1970-01-21 12:56:30.300,1970-01-21 12:57:14.244,Xuân,,,
Quảng Ngãi,Duyên hải Nam Trung Bộ,2026-03-28,23.1,31.56,16.0,24.78,33.839999999999996,15.86,0.0,0.0,0.0,0.0,64.6,10.42,29.3,27.214,1010.78,1.6,14.52,0.0,5.65,14.7379,108.4018,11.91,12.22,3,13,0,25,1970-01-21 12:57:56.652,1970-01-21 12:58:40.680,Xuân,,,
Quảng Ngãi,Duyên hải Nam Trung Bộ,2026-03-29,23.119999999999997,31.8,15.26,24.76,34.46,14.580000000000002,0.0,0.0,0.0,0.0,64.2,12.1,31.82,26.916000000000004,1010.84,12.4,14.66,0.0,5.6579999999999995,14.7379,108.4018,11.914,12.232,3,13,3,50,1970-01-21 12:59:23.040,1970-01-21 13:00:07.080,Xuân,,,
Quảng Ngãi,Duyên hải Nam Trung Bộ,2026-03-30,23.9,32.459999999999994,17.14,26.06,35.08,18.1,0.0,0.0,0.0,0.0,67.4,11.26,32.04,25.79,1011.34,12.4,16.28,0.0,5.49,14.7379,108.4018,11.916,12.248,3,14,3,63,1970-01-21 13:00:49.380,1970-01-21 13:01:33.480,Xuân,,,
Quảng Ngãi,Duyên hải Nam Trung Bộ,2026-03-31,24.56,32.3,18.04,26.42,35.2,18.46,0.0,0.0,0.0,0.0,62.6,9.7,27.5,24.741999999999997,1011.42,64.4,16.080000000000002,0.0,5.286,14.7379,108.4018,11.918,12.26,3,14,3,192,1970-01-21 13:02:15.732,1970-01-21 13:02:59.880,Xuân,,,
Quảng Ngãi,Duyên hải Nam Trung Bộ,2026-04-01,24.7,32.0,19.119999999999997,26.82,34.76,19.6,0.0,0.0,0.0,0.0,64.6,11.2,31.76,25.096,1011.74,13.4,16.68,0.0,5.442,14.7379,108.4018,11.918,12.274,4,14,2,14,1970-01-21 13:03:42.108,1970-01-21 13:04:26.280,Xuân,,,
Quảng Ngãi,Duyên hải Nam Trung Bộ,2026-04-02,23.7,30.78,17.46,25.94,33.7,18.78,0.02,0.02,0.0,0.2,69.2,10.86,30.96,25.992,1012.78,23.4,16.82,0.0,5.444,14.7379,108.4018,11.92,12.29,4,14,3,94,1970-01-21 13:05:08.460,1970-01-21 13:05:52.680,Xuân,,,
Quảng Ngãi,Duyên hải Nam Trung Bộ,2026-04-03,24.36,31.72,17.84,26.46,35.46,18.7,0.02,0.02,0.0,0.2,64.2,10.1,29.5,25.894,1010.38,4.4,16.46,0.0,5.470000000000001,14.7379,108.4018,11.92,12.302,4,14,0,73,1970-01-21 13:06:34.800,1970-01-21 13:07:19.080,Xuân,,,
Quảng Ngãi,Duyên hải Nam Trung Bộ,2026-04-04,25.52,32.839999999999996,20.0,27.46,35.92,21.24,0.04,0.04,0.0,0.4,63.0,11.92,33.48,25.286,1008.68,30.4,16.919999999999998,0.0,5.524,14.7379,108.4018,11.925999999999998,12.318,4,14,3,215,1970-01-21 13:08:01.152,1970-01-21 13:08:45.492,Xuân,,,
Quảng Ngãi,Duyên hải Nam Trung Bộ,2026-04-05,25.839999999999996,33.14,19.74,27.940000000000005,36.019999999999996,20.74,0.1,0.1,0.0,0.8,61.4,12.08,32.239999999999995,25.074,1008.42,20.8,17.119999999999997,0.0,5.614,14.7379,108.4018,11.925999999999998,12.33,4,14,3,200,1970-01-21 13:09:27.540,1970-01-21 13:10:11.904,Xuân,,,
Quảng Ngãi,Duyên hải Nam Trung Bộ,2026-04-06,26.22,33.44,20.66,28.3,36.6,21.72,0.02,0.02,0.0,0.2,60.6,12.46,33.839999999999996,25.446,1009.4,5.6,17.16,0.0,5.76,14.7379,108.4018,11.928,12.342,4,15,1,199,1970-01-21 13:10:53.880,1970-01-21 13:11:38.340,Xuân,,,
Quảng Ngãi,Duyên hải Nam Trung Bộ,2026-04-07,26.4,34.239999999999995,20.6,28.5,37.16,21.94,0.02,0.02,0.0,0.2,61.4,15.02,39.9,25.428,1010.16,13.2,17.32,0.0,5.702,14.7379,108.4018,11.93,12.358,4,15,2,222,1970-01-21 13:12:20.232,1970-01-21 13:13:04.740,Xuân,,,
Quảng Ngãi,Duyên hải Nam Trung Bộ,2026-04-08,26.339999999999996,34.46,19.9,28.360000000000003,36.82,20.98,0.0,0.0,0.0,0.0,59.0,10.94,29.94,25.607999999999997,1010.76,23.2,16.42,0.0,5.718,14.7379,108.4018,11.93,12.372,4,15,3,10,1970-01-21 13:13:46.608,1970-01-21 13:14:31.140,Xuân,,,
Quảng Ngãi,Duyên hải Nam Trung Bộ,2026-04-09,26.02,34.260000000000005,19.34,28.339999999999996,37.3,19.48,0.1399999999999999,0.1399999999999999,0.0,0.4,60.2,11.56,32.32,25.524,1011.3,13.4,16.82,0.0,5.656000000000001,14.7379,108.4018,11.894,12.382,4,15,2,62,1970-01-21 13:15:12.960,1970-01-21 13:15:57.540,Xuân,,,
Quảng Ngãi,Duyên hải Nam Trung Bộ,2026-04-10,26.72,33.68,20.4,29.26,37.04,21.74,0.06,0.06,0.0,0.6,61.2,11.28,32.120000000000005,24.832,1011.14,24.0,17.78,0.0,5.49,14.7379,108.4018,11.936,12.398,4,15,3,80,1970-01-21 13:16:39.312,1970-01-21 13:17:23.940,Xuân,,,
Quảng Ngãi,Duyên hải Nam Trung Bộ,2026-04-11,26.54,33.62,20.64,29.0,37.36,21.74,0.16,0.16,0.0,1.4,61.4,12.4,33.260000000000005,25.036,1009.96,11.8,17.8,0.0,5.55,14.7379,108.4018,11.938,12.412,4,15,51,11,1970-01-21 13:18:05.688,1970-01-21 13:18:50.340,Xuân,,,
Quảng Ngãi,Duyên hải Nam Trung Bộ,2026-04-12,26.360000000000003,33.14,20.74,29.1,36.84,22.36,0.04,0.04,0.0,0.4,65.4,12.64,33.5,24.728,1009.32,9.0,18.46,0.0,5.46,14.7379,108.4018,11.954,12.422,4,15,51,253,1970-01-21 13:19:32.040,1970-01-21 13:20:16.752,Xuân,,,
Quảng Ngãi,Duyên hải Nam Trung Bộ,2026-04-13,26.28,33.4,20.86,29.46,37.1,22.86,0.12,0.12,0.0,0.6,67.8,11.46,31.48,24.558,1010.7,12.0,18.98,0.0,5.346,14.7379,108.4018,11.954,12.438,4,16,1,47,1970-01-21 13:20:58.392,1970-01-21 13:21:43.164,Xuân,,,
Quảng Ngãi,Duyên hải Nam Trung Bộ,2026-04-14,26.26,33.08,21.2,29.56,36.58,23.72,0.18,0.18,0.0,1.0,68.8,9.6,28.0,24.316,1010.82,13.4,19.22,0.0,5.308,14.7379,108.4018,11.954,12.45,4,16,1,36,1970-01-21 13:22:24.780,1970-01-21 13:23:09.600,Xuân,,,
Quảng Ngãi,Duyên hải Nam Trung Bộ,2026-04-15,25.119999999999997,32.06,20.54,29.059999999999995,37.16,23.24,5.76,5.76,0.0,2.8,78.4,9.98,29.22,21.078,1009.98,43.4,20.68,0.0,4.404,14.7379,108.4018,11.188,12.462,4,16,61,28,1970-01-21 13:23:51.120,1970-01-21 13:24:36.000,Xuân,,,
Quảng Ngãi,Duyên hải Nam Trung Bộ,2026-04-16,24.84,31.42,20.42,28.52,36.8,23.24,2.78,2.78,0.0,3.0,77.6,9.0,28.46,22.184,1010.54,58.4,20.18,0.0,4.586,14.7379,108.4018,11.95,12.478,4,16,53,3,1970-01-21 13:25:17.472,1970-01-21 13:26:02.400,Xuân,,,
Quảng Ngãi,Duyên hải Nam Trung Bộ,2026-04-17,24.32,31.52,19.3,27.9,35.68,21.8,2.58,2.58,0.0,3.8,77.6,9.78,30.74,23.918,1011.36,43.6,19.639999999999997,0.0,4.944,14.7379,108.4018,11.803999999999998,12.49,4,16,51,14,1970-01-21 13:26:43.860,1970-01-21 13:27:28.800,Xuân,,,
Quảng Ngãi,Duyên hải Nam Trung Bộ,2026-04-18,24.04,30.28,20.54,27.68,34.739999999999995,23.92,1.08,1.08,0.0,5.0,80.6,11.84,33.7,22.772,1011.94,69.0,20.04,0.0,4.678,14.7379,108.4018,11.34,12.502,4,16,51,38,1970-01-21 13:28:10.212,1970-01-21 13:28:55.212,Xuân,,,
Quảng Ngãi,Duyên hải Nam Trung Bộ,2026-04-19,23.9,29.880000000000003,19.42,27.139999999999997,33.82,22.24,0.5,0.5,0.0,3.2,76.6,9.06,27.5,24.298,1011.7,57.6,18.92,0.0,4.982,14.7379,108.4018,11.684,12.514,4,16,51,60,1970-01-21 13:29:36.576,1970-01-21 13:30:21.612,Xuân,,,
Quảng Ngãi,Duyên hải Nam Trung Bộ,2026-04-20,23.72,30.32,19.54,26.94,34.660000000000004,22.2,3.6,3.6,0.0,2.2,78.2,8.2,25.639999999999997,21.926,1011.68,58.0,19.06,0.0,4.484,14.7379,108.4018,10.778,12.528,4,17,3,31,1970-01-21 13:31:02.940,1970-01-21 13:31:48.060,Xuân,,,
Quảng Ngãi,Duyên hải Nam Trung Bộ,2026-04-21,23.68,30.139999999999997,18.24,26.74,34.660000000000004,20.22,3.3600000000000003,3.3600000000000003,0.0,2.6,75.6,8.620000000000001,26.119999999999997,23.888,1010.6,28.0,18.5,0.0,4.912000000000001,14.7379,108.4018,11.99,12.54,4,17,2,36,1970-01-21 13:32:29.292,1970-01-21 13:33:14.460,Xuân,,,
Quảng Ngãi,Duyên hải Nam Trung Bộ,2026-04-22,24.52,31.119999999999997,18.880000000000003,27.7,35.22,20.82,0.2599999999999999,0.2599999999999999,0.0,1.8,74.6,11.36,30.32,24.232,1009.66,22.4,19.0,0.0,5.0200000000000005,14.7379,108.4018,12.068,12.552,4,17,51,56,1970-01-21 13:33:55.680,1970-01-21 13:34:40.860,Xuân,,,
Quảng Ngãi,Duyên hải Nam Trung Bộ,2026-04-23,25.3,32.519999999999996,19.94,28.82,37.0,22.3,0.76,0.76,0.0,3.0,74.2,10.88,30.18,23.901999999999997,1009.1,65.4,19.660000000000004,0.0,5.05,14.7379,108.4018,11.974,12.564,4,17,51,117,1970-01-21 13:35:22.032,1970-01-21 13:36:07.260,Xuân,,,
Quảng Ngãi,Duyên hải Nam Trung Bộ,2026-04-24,23.94,30.660000000000004,21.04,27.940000000000005,36.48,24.4,8.8,8.8,0.0,9.2,83.6,10.76,35.5,20.282,1011.6,93.4,20.68,0.0,4.118,14.7379,108.4018,9.138,12.58,4,17,61,16,1970-01-21 13:36:48.408,1970-01-21 13:37:33.672,Xuân,,,
Quảng Ngãi,Duyên hải Nam Trung Bộ,2026-04-25,22.72,26.860000000000003,20.58,26.360000000000003,31.0,24.04,4.659999999999999,4.659999999999999,0.0,13.2,89.4,9.78,29.02,17.606,1014.26,92.2,20.74,0.0,3.412,14.7379,108.4018,7.812,12.59,4,17,53,24,1970-01-21 13:38:14.772,1970-01-21 13:39:00.096,Xuân,,,
Quảng Ngãi,Duyên hải Nam Trung Bộ,2026-04-26,23.08,28.2,20.08,26.58,32.519999999999996,23.3,1.72,1.72,0.0,4.8,83.6,8.36,24.34,19.592,1013.38,91.6,19.84,0.0,3.936,14.7379,108.4018,10.24,12.6,4,17,51,55,1970-01-21 13:39:41.136,1970-01-21 13:40:26.520,Xuân,,,
Quảng Ngãi,Duyên hải Nam Trung Bộ,2026-04-27,23.56,28.5,20.0,27.3,32.72,23.1,3.2,3.2,0.0,4.0,83.4,7.3,25.5,18.928,1011.68,97.8,20.26,0.0,3.798000000000001,14.7379,108.4018,9.292,12.614,4,18,53,121,1970-01-21 13:41:07.512,1970-01-21 13:41:52.920,Xuân,,,
Quảng Ngãi,Duyên hải Nam Trung Bộ,2026-04-28,23.24,29.06,20.52,27.32,33.94,23.64,3.54,3.54,0.0,4.0,87.8,9.76,29.04,17.206,1011.22,86.6,20.92,0.0,3.3920000000000003,14.7379,108.4018,6.973999999999999,12.63,4,18,63,183,1970-01-21 13:42:33.876,1970-01-21 13:43:19.320,Xuân,,,
Quảng Ngãi,Duyên hải Nam Trung Bộ,2026-04-29,23.98,30.82,20.14,27.26,35.36,22.54,1.86,1.86,0.0,3.2,79.2,10.28,28.639999999999997,21.113999999999997,1012.1,80.0,19.68,0.0,4.378,14.7379,108.4018,11.632,12.64,4,18,51,1,1970-01-21 13:44:00.252,1970-01-21 13:44:45.732,Xuân,,,
Quảng Ngãi,Duyên hải Nam Trung Bộ,2026-04-30,23.380000000000003,27.98,20.48,26.32,31.48,23.4,1.9,1.9,0.0,5.8,81.8,13.18,35.2,21.886000000000003,1014.4,83.4,19.76,0.0,4.332,14.7379,108.4018,10.892,12.65,4,18,53,7,1970-01-21 13:45:26.616,1970-01-21 13:46:12.168,Xuân,,,
Quảng Ngãi,Duyên hải Nam Trung Bộ,2026-05-01,23.119999999999997,27.56,19.96,26.56,32.08,22.9,1.24,1.24,0.0,5.4,85.2,9.76,27.619999999999997,18.436,1013.9,94.4,20.26,0.0,3.694,14.7379,108.4018,9.292,12.66,5,18,51,54,1970-01-21 13:46:52.992,1970-01-21 13:47:38.580,Xuân,,,
Quảng Ngãi,Duyên hải Nam Trung Bộ,2026-05-02,24.160000000000004,30.46,18.9,27.92,35.6,21.54,0.32,0.32,0.0,2.2,80.6,8.440000000000001,24.92,24.294,1012.2,78.8,20.06,0.0,4.968,14.7379,108.4018,12.088,12.672,5,18,51,59,1970-01-21 13:48:19.368,1970-01-21 13:49:04.980,Xuân,,,
Quảng Ngãi,Duyên hải Nam Trung Bộ,2026-05-03,24.96,31.0,19.66,28.839999999999996,35.72,22.64,0.58,0.58,0.0,2.4,76.8,7.56,22.6,24.55,1011.66,83.4,20.0,0.0,5.093999999999999,14.7379,108.4018,12.048,12.682,5,18,3,45,1970-01-21 13:49:45.732,1970-01-21 13:50:31.392,Xuân,,,
Quảng Ngãi,Duyên hải Nam Trung Bộ,2026-05-04,24.06,28.06,21.22,27.660000000000004,31.2,24.619999999999997,2.22,2.22,0.0,11.2,83.4,11.24,31.96,19.544,1013.96,98.8,20.74,0.0,3.994,14.7379,108.4018,9.984,12.696,5,19,53,44,1970-01-21 13:51:12.120,1970-01-21 13:51:57.792,Xuân,,,
Quảng Ngãi,Duyên hải Nam Trung Bộ,2026-05-05,23.24,28.0,20.119999999999997,26.619999999999997,31.880000000000003,23.24,3.44,3.44,0.0,8.8,84.4,11.64,32.96,21.588,1013.28,86.8,20.16,0.0,4.25,14.7379,108.4018,10.898,12.71,5,19,61,25,1970-01-21 13:52:38.472,1970-01-21 13:53:24.240,Xuân,,,
Quảng Ngãi,Duyên hải Nam Trung Bộ,2026-05-06,23.74,29.76,18.94,27.52,34.8,21.66,2.86,2.86,0.0,4.0,82.4,8.52,25.5,23.024,1011.96,60.8,20.08,0.0,4.672,14.7379,108.4018,10.426,12.72,5,19,53,69,1970-01-21 13:54:04.860,1970-01-21 13:54:50.640,Xuân,,,
Quảng Ngãi,Duyên hải Nam Trung Bộ,2026-05-07,24.6,30.5,20.06,28.340000000000003,35.06,23.26,0.12,0.12,0.0,0.6,79.0,10.4,29.880000000000003,25.672000000000004,1011.28,54.6,20.18,0.0,5.294,14.7379,108.4018,11.816,12.73,5,19,3,59,1970-01-21 13:55:31.236,1970-01-21 13:56:17.052,Xuân,,,
Quảng Ngãi,Duyên hải Nam Trung Bộ,2026-05-08,24.16,29.6,19.42,27.3,33.5,22.1,0.06,0.06,0.0,0.6,77.6,12.98,35.58,25.594,1012.58,67.2,19.380000000000003,0.0,5.246,14.7379,108.4018,12.186,12.74,5,19,3,55,1970-01-21 13:56:57.612,1970-01-21 13:57:43.476,Xuân,,,
Quảng Ngãi,Duyên hải Nam Trung Bộ,2026-05-09,22.880000000000003,28.22000000000001,18.06,25.82,31.94,19.86,4.0600000000000005,4.0600000000000005,0.0,6.2,83.2,12.4,36.14,21.33,1013.64,73.8,19.62,0.0,4.168,14.7379,108.4018,11.902,12.75,5,19,55,13,1970-01-21 13:58:24.000,1970-01-21 13:59:09.900,Xuân,,,
Quảng Ngãi,Duyên hải Nam Trung Bộ,2026-05-10,23.72,28.58,20.2,26.92,32.12,23.26,1.94,1.94,0.0,8.4,82.8,14.16,38.17999999999999,22.44,1013.38,71.8,20.26,0.0,4.526,14.7379,108.4018,11.742,12.76,5,19,51,55,1970-01-21 13:59:50.376,1970-01-21 14:00:36.300,Xuân,,,
Quảng Ngãi,Duyên hải Nam Trung Bộ,2026-05-11,24.42,30.02,19.9,27.94,34.06,23.0,0.14,0.14,0.0,1.4,78.8,11.36,31.4,25.518,1012.96,72.4,19.94,0.0,5.204,14.7379,108.4018,12.278,12.77,5,20,51,55,1970-01-21 14:01:16.752,1970-01-21 14:02:02.712,Xuân,,,
Quảng Ngãi,Duyên hải Nam Trung Bộ,2026-05-12,24.9,31.3,18.9,28.68,36.1,21.26,0.4800000000000001,0.4800000000000001,0.0,2.4,77.0,8.879999999999999,24.119999999999997,26.138,1010.58,78.6,19.880000000000003,0.0,5.41,14.7379,108.4018,12.344,12.78,5,20,51,72,1970-01-21 14:02:43.140,1970-01-21 14:03:29.160,Xuân,,,
Quảng Ngãi,Duyên hải Nam Trung Bộ,2026-05-13,25.4,30.8,21.54,30.119999999999997,36.6,25.34,2.1,2.1,0.0,6.0,82.8,8.8,26.880000000000003,23.554,1008.96,91.0,21.86,0.0,4.828,14.7379,108.4018,11.454,12.79,5,20,51,78,1970-01-21 14:04:09.516,1970-01-21 14:04:55.560,Xuân,,,
Quảng Ngãi,Duyên hải Nam Trung Bộ,2026-05-14,25.36,31.48,21.96,29.74,37.02,25.26,2.98,2.98,0.0,8.8,83.2,13.2,36.14,22.704,1008.44,93.2,21.96,0.0,4.628,14.7379,108.4018,10.6,12.8,5,20,53,234,1970-01-21 14:05:35.892,1970-01-21 14:06:21.972,Xuân,,,
Quảng Ngãi,Duyên hải Nam Trung Bộ,2026-05-15,24.78,31.26,21.82,29.3,37.18,25.2,4.48,4.48,0.0,5.8,86.6,11.88,33.78,20.234,1008.34,90.0,22.16,0.0,4.058,14.7379,108.4018,8.984,12.81,5,20,55,229,1970-01-21 14:07:02.280,1970-01-21 14:07:48.384,Xuân,,,
Quảng Ngãi,Duyên hải Nam Trung Bộ,2026-05-16,24.18,28.22,21.82,28.48,32.62,25.32,3.92,3.92,0.0,8.4,88.6,9.32,25.76,8.838,1008.68,100.0,22.04,0.0,1.938,14.7379,108.4018,1.684,12.82,5,20,61,200,1970-01-21 14:08:28.656,1970-01-21 14:09:14.820,Xuân,,,
Quảng Ngãi,Duyên hải Nam Trung Bộ,2026-05-17,23.68,28.28,20.98,28.24,33.38,24.22,13.580000000000002,13.580000000000002,0.0,12.4,92.2,10.02,29.02,16.256,1008.8,99.0,22.16,0.0,3.186,14.7379,108.4018,7.694,12.830000000000002,5,20,63,197,1970-01-21 14:09:55.032,1970-01-21 14:10:41.232,Xuân,,,
Quảng Ngãi,Duyên hải Nam Trung Bộ,2026-05-18,24.26,29.76,21.76,28.82,34.980000000000004,25.56,11.28,11.28,0.0,15.2,88.6,11.12,30.380000000000003,19.854,1008.58,99.2,21.98,0.0,3.97,14.7379,108.4018,8.156,12.84,5,21,63,219,1970-01-21 14:11:21.432,1970-01-21 14:12:07.632,Xuân,,,
Quảng Ngãi,Duyên hải Nam Trung Bộ,2026-05-19,23.86,27.98,21.64,28.2,32.62,25.34,17.44,17.44,0.0,16.8,91.2,10.42,30.82,15.2,1008.34,91.8,22.16,0.0,3.024,14.7379,108.4018,6.7780000000000005,12.848,5,21,63,177,1970-01-21 14:12:47.820,1970-01-21 14:13:34.080,Xuân,,,
Quảng Ngãi,Duyên hải Nam Trung Bộ,2026-05-20,25.44,29.860000000000003,22.2,29.3,33.62,25.92,1.72,1.72,0.0,8.0,81.6,13.5,39.66,20.996,1007.92,96.0,21.66,0.0,4.314,14.7379,108.4018,11.092,12.854,5,21,51,186,1970-01-21 14:14:14.208,1970-01-21 14:15:00.480,Xuân,,,
Quảng Ngãi,Duyên hải Nam Trung Bộ,2026-05-21,25.76,31.77999999999999,21.86,29.78,36.14,25.48,3.56,3.56,0.0,7.8,80.0,12.8,36.7,24.064,1010.26,93.4,21.44,0.0,5.0280000000000005,14.7379,108.4018,11.846,12.864,5,21,61,183,1970-01-21 14:15:40.596,1970-01-21 14:16:26.892,Xuân,,,
Quảng Ngãi,Duyên hải Nam Trung Bộ,2026-05-22,25.22,31.119999999999997,21.26,29.56,36.92,24.58,1.78,1.78,0.0,5.0,82.4,10.5,29.82,23.548,1011.94,96.4,21.56,0.0,4.788,14.7379,108.4018,11.984,12.872,5,21,53,164,1970-01-21 14:17:06.972,1970-01-21 14:17:53.328,Xuân,,,
Quảng Ngãi,Duyên hải Nam Trung Bộ,2026-05-23,25.119999999999997,30.8,21.7,29.44,37.04,24.72,2.52,2.52,0.0,7.4,83.8,12.5,33.68,22.822,1012.18,87.0,21.84,0.0,4.552,14.7379,108.4018,12.174,12.88,5,21,53,214,1970-01-21 14:18:33.372,1970-01-21 14:19:19.740,Xuân,,,
Quảng Ngãi,Duyên hải Nam Trung Bộ,2026-05-24,26.04,32.519999999999996,21.68,30.380000000000003,38.42,24.98,2.7,2.7,0.0,7.2,79.4,10.84,30.3,25.262,1012.04,55.4,21.64,0.0,5.26,14.7379,108.4018,12.5,12.888,5,21,53,224,1970-01-21 14:19:59.772,1970-01-21 14:20:46.152,Xuân,,,
Quảng Ngãi,Duyên hải Nam Trung Bộ,2026-05-25,25.82,32.260000000000005,21.82,30.24,37.82,25.26,1.92,1.92,0.0,6.6,80.6,11.46,32.12,24.396,1010.98,28.8,21.74,0.0,4.9719999999999995,14.7379,108.4018,12.634,12.894,5,22,53,226,1970-01-21 14:21:26.160,1970-01-21 14:22:12.588,Xuân,,,
Quảng Ngãi,Duyên hải Nam Trung Bộ,2026-05-26,26.139999999999997,32.739999999999995,21.98,29.96,37.32000000000001,25.04,1.9,1.9,0.0,4.0,76.2,13.12,37.08,24.35,1009.96,38.0,20.92,0.0,5.136,14.7379,108.4018,12.11,12.902,5,22,53,215,1970-01-21 14:22:52.548,1970-01-21 14:23:39.000,Xuân,,,
Quảng Ngãi,Duyên hải Nam Trung Bộ,2026-05-27,26.1,32.9,21.58,30.160000000000004,37.54,24.46,2.8600000000000003,2.8600000000000003,0.0,5.2,76.0,10.28,28.72,24.778,1010.22,28.4,20.82,0.0,5.236,14.7379,108.4018,12.566,12.91,5,22,61,198,1970-01-21 14:24:18.948,1970-01-21 14:25:05.412,Xuân,,,
Quảng Ngãi,Duyên hải Nam Trung Bộ,2026-05-28,25.56,31.82,21.16,29.72,37.22,24.380000000000003,3.16,3.16,0.0,7.4,78.0,7.859999999999999,23.66,23.884,1011.1,46.8,20.82,0.0,4.994,14.7379,108.4018,12.425999999999998,12.913999999999998,5,22,53,7,1970-01-21 14:25:45.336,1970-01-21 14:26:31.848,Xuân,,,
Quảng Ngãi,Duyên hải Nam Trung Bộ,2026-05-29,25.58,32.06,20.9,29.559999999999995,36.16,24.48,0.2,0.2,0.0,1.2,75.8,11.98,33.1,25.877999999999997,1011.14,68.8,20.08,0.0,5.418,14.7379,108.4018,12.49,12.924,5,22,3,57,1970-01-21 14:27:11.736,1970-01-21 14:27:58.260,Xuân,,,
Quảng Ngãi,Duyên hải Nam Trung Bộ,2026-05-30,24.22,29.8,21.1,28.18,33.86,24.94,3.4200000000000004,3.4200000000000004,0.0,6.8,82.8,10.76,31.78,19.492,1011.42,90.4,20.7,0.0,4.004,14.7379,108.4018,9.132,12.93,5,22,55,51,1970-01-21 14:28:38.136,1970-01-21 14:29:24.672,Xuân,,,
Quảng Ngãi,Duyên hải Nam Trung Bộ,2026-05-31,23.74,28.56,20.96,27.880000000000003,33.6,24.82,3.4200000000000004,3.4200000000000004,0.0,7.6,86.4,10.44,30.96,19.568,1011.38,84.8,21.16,0.0,3.834000000000001,14.7379,108.4018,9.694,12.934,5,22,53,44,1970-01-21 14:30:04.536,1970-01-21 14:30:51.108,Xuân,,,
Quảng Ngãi,Duyên hải Nam Trung Bộ,2026-06-01,25.06,31.339999999999996,20.16,28.660000000000004,35.14,23.44,0.1,0.1,0.0,0.6,75.8,11.48,32.82,26.74,1010.78,79.4,19.68,0.0,5.54,14.7379,108.4018,12.49,12.941999999999998,6,23,3,45,1970-01-21 14:31:30.912,1970-01-21 14:32:17.520,Hè,,,
Quảng Ngãi,Duyên hải Nam Trung Bộ,2026-06-02,25.52,31.9,20.66,29.06,35.5,23.82,0.56,0.56,0.0,1.6,73.6,11.58,32.04,25.676,1009.06,83.4,19.56,0.0,5.428,14.7379,108.4018,12.088,12.948,6,23,3,4,1970-01-21 14:32:57.312,1970-01-21 14:33:43.932,Hè,,,
Quảng Ngãi,Duyên hải Nam Trung Bộ,2026-06-03,25.339999999999996,30.92,21.68,29.06,35.5,24.78,2.34,2.34,0.0,9.2,78.8,10.64,31.32,21.52,1007.64,76.8,20.880000000000003,0.0,4.43,14.7379,108.4018,11.21,12.951999999999998,6,23,53,252,1970-01-21 14:34:23.712,1970-01-21 14:35:10.356,Hè,,,
Quảng Ngãi,Duyên hải Nam Trung Bộ,2026-06-04,25.74,31.839999999999996,22.46,29.18,36.38,25.48,3.38,3.38,0.0,10.6,77.6,13.96,38.239999999999995,23.363999999999997,1007.56,73.2,20.880000000000003,0.0,4.836,14.7379,108.4018,11.758,12.958000000000002,6,23,53,232,1970-01-21 14:35:50.136,1970-01-21 14:36:36.780,Hè,,,
