province,region,date,temperature_2m_mean,temperature_2m_max,temperature_2m_min,apparent_temperature_mean,apparent_temperature_max,apparent_temperature_min,precipitation_sum,rain_sum,showers_sum,precipitation_hours,relative_humidity_2m_mean,wind_speed_10m_max,wind_gusts_10m_max,shortwave_radiation_sum,pressure_msl_mean,cloud_cover_mean,dew_point_2m_mean,snowfall_sum,et0_fao_evapotranspiration,latitude,longitude,sunshine_hours,daylight_hours,month,week,weather_code,wind_direction_10m_dominant,sunrise,sunset,season
Thanh Hóa,Bắc Trung Bộ,2025-12-06,20.327272727272728,23.463636363636365,17.954545454545453,21.490909090909092,24.60909090909091,18.87272727272727,0.12727272727272726,0.12727272727272726,0.0,1.0909090909090908,81.81818181818181,13.409090909090908,26.281818181818185,11.503636363636364,1018.9454545454545,55.72727272727273,17.009090909090908,0.0,2.2436363636363637,19.8074,105.77639999999998,8.097272727272728,10.984545454545454,12,49,51,36,1970-01-21 10:16:41.890909091,1970-01-21 10:17:21.425454545,Đông
Thanh Hóa,Bắc Trung Bộ,2025-12-07,20.60909090909091,24.41818181818182,17.37272727272727,22.663636363636364,26.11818181818182,19.427272727272726,1.3727272727272728,1.3727272727272728,0.0,6.636363636363637,88.63636363636364,15.163636363636364,28.872727272727275,11.035454545454545,1018.3181818181819,62.45454545454545,18.554545454545455,0.0,2.0890909090909093,19.8074,105.77639999999998,8.32181818181818,10.97909090909091,12,49,51,23,1970-01-21 10:18:08.318181818,1970-01-21 10:18:47.841818181,Đông
Thanh Hóa,Bắc Trung Bộ,2025-12-08,20.8,24.327272727272728,17.70909090909091,21.990909090909092,24.94545454545454,19.0,0.4727272727272727,0.4727272727272727,0.0,2.272727272727273,82.63636363636364,16.927272727272726,33.09090909090909,14.251818181818182,1019.8363636363637,46.45454545454545,17.472727272727273,0.0,2.7072727272727275,19.8074,105.77639999999998,9.89090909090909,10.97090909090909,12,50,51,31,1970-01-21 10:19:34.756363636,1970-01-21 10:20:14.263636363,Đông
Thanh Hóa,Bắc Trung Bộ,2025-12-09,20.072727272727274,24.44545454545454,16.445454545454545,21.072727272727274,24.763636363636362,17.09090909090909,0.10909090909090909,0.10909090909090909,0.0,0.9090909090909091,81.0909090909091,14.227272727272727,27.80909090909091,13.845454545454546,1018.8181818181819,60.72727272727273,16.427272727272726,0.0,2.692727272727273,19.8074,105.77639999999998,9.946363636363635,10.967272727272727,12,50,51,40,1970-01-21 10:21:01.194545454,1970-01-21 10:21:40.669090909,Đông
Thanh Hóa,Bắc Trung Bộ,2025-12-10,20.87272727272727,25.5,16.7,22.59090909090909,27.09090909090909,18.254545454545454,0.0,0.0,0.0,0.0,84.0,15.6,29.045454545454547,13.631818181818181,1017.7363636363636,58.36363636363637,17.80909090909091,0.0,2.6263636363636365,19.8074,105.77639999999998,9.399090909090908,10.960909090909091,12,50,3,48,1970-01-21 10:22:27.627272727,1970-01-21 10:23:07.085454545,Đông
Thanh Hóa,Bắc Trung Bộ,2025-12-11,21.40909090909091,22.818181818181817,20.30909090909091,23.154545454545453,24.11818181818182,22.345454545454547,0.8727272727272727,0.8727272727272727,0.0,5.909090909090909,82.9090909090909,14.454545454545455,27.10909090909091,5.289090909090909,1017.6181818181819,99.27272727272727,18.3,0.0,1.3672727272727274,19.8074,105.77639999999998,0.84,10.957272727272727,12,50,51,9,1970-01-21 10:23:54.070909091,1970-01-21 10:24:33.507272727,Đông
Thanh Hóa,Bắc Trung Bộ,2025-12-12,21.963636363636365,24.88181818181818,20.11818181818182,24.572727272727274,28.00909090909091,22.30909090909091,2.145454545454545,2.145454545454545,0.0,4.090909090909091,84.9090909090909,11.481818181818182,21.900000000000002,10.068181818181818,1015.5545454545455,84.0,19.236363636363635,0.0,1.997272727272727,19.8074,105.77639999999998,5.58909090909091,10.950909090909091,12,50,53,49,1970-01-21 10:25:20.498181818,1970-01-21 10:25:59.929090909,Đông
Thanh Hóa,Bắc Trung Bộ,2025-12-13,20.936363636363637,23.29090909090909,16.845454545454547,22.972727272727273,27.1,15.572727272727274,29.90909090909091,29.90909090909091,0.0,20.545454545454547,94.18181818181819,27.345454545454547,47.809090909090905,3.6845454545454546,1017.8909090909091,96.54545454545455,19.981818181818184,0.0,0.8463636363636364,19.8074,105.77639999999998,0.0036363636363636364,10.94909090909091,12,50,63,7,1970-01-21 10:26:46.936363636,1970-01-21 10:27:26.345454545,Đông
Thanh Hóa,Bắc Trung Bộ,2025-12-14,16.40909090909091,18.354545454545455,15.272727272727273,15.463636363636363,17.254545454545454,13.97272727272727,7.627272727272728,7.627272727272728,0.0,13.454545454545455,79.36363636363636,20.981818181818184,36.50909090909091,4.61,1022.2363636363636,91.36363636363636,12.663636363636362,0.0,1.2363636363636363,19.8074,105.77639999999998,1.3745454545454545,10.944545454545455,12,50,55,5,1970-01-21 10:28:13.363636363,1970-01-21 10:28:52.767272727,Đông
Thanh Hóa,Bắc Trung Bộ,2025-12-15,18.38181818181818,21.599999999999998,15.218181818181819,18.536363636363635,22.20909090909091,14.772727272727273,0.0,0.0,0.0,0.0,75.81818181818181,11.072727272727272,22.681818181818183,8.555454545454545,1019.4818181818181,72.36363636363636,13.881818181818181,0.0,1.8609090909090908,19.8074,105.77639999999998,3.1554545454545457,10.94090909090909,12,51,3,6,1970-01-21 10:29:39.796363636,1970-01-21 10:30:19.189090909,Đông
Thanh Hóa,Bắc Trung Bộ,2025-12-16,20.21818181818182,22.972727272727273,17.29090909090909,21.663636363636364,24.454545454545453,18.39090909090909,0.2,0.2,0.0,1.6363636363636365,83.27272727272727,11.527272727272727,22.572727272727274,7.3518181818181825,1017.9363636363636,95.18181818181819,17.20909090909091,0.0,1.5990909090909091,19.8074,105.77639999999998,1.66,10.94,12,51,51,1,1970-01-21 10:31:06.229090909,1970-01-21 10:31:45.605454545,Đông
Thanh Hóa,Bắc Trung Bộ,2025-12-17,20.463636363636365,23.427272727272726,18.39090909090909,21.563636363636363,24.372727272727275,19.60909090909091,3.372727272727273,3.372727272727273,0.0,8.454545454545455,86.36363636363636,18.572727272727274,33.00909090909091,6.463636363636363,1019.8363636363637,76.9090909090909,18.009090909090908,0.0,1.5063636363636363,19.8074,105.77639999999998,2.953636363636363,10.937272727272727,12,51,51,14,1970-01-21 10:32:32.656363636,1970-01-21 10:33:12.043636363,Đông
Thanh Hóa,Bắc Trung Bộ,2025-12-18,20.418181818181818,24.818181818181817,17.454545454545453,21.454545454545453,26.036363636363635,18.281818181818185,0.0,0.0,0.0,0.0,80.72727272727273,13.318181818181818,25.972727272727273,15.833636363636366,1018.6818181818181,19.454545454545453,16.654545454545453,0.0,2.9990909090909095,19.8074,105.77639999999998,10.003636363636362,10.937272727272727,12,51,3,35,1970-01-21 10:33:59.100000000,1970-01-21 10:34:38.465454545,Đông
Thanh Hóa,Bắc Trung Bộ,2025-12-19,19.645454545454545,24.772727272727273,15.418181818181818,21.418181818181818,27.063636363636363,16.654545454545453,0.0,0.0,0.0,0.0,86.0,12.936363636363637,25.263636363636362,16.185454545454544,1015.0,19.09090909090909,16.972727272727273,0.0,2.8963636363636365,19.8074,105.77639999999998,9.959090909090909,10.934545454545455,12,51,3,117,1970-01-21 10:35:25.516363636,1970-01-21 10:36:04.887272727,Đông
Thanh Hóa,Bắc Trung Bộ,2025-12-20,20.990909090909092,24.936363636363637,17.972727272727273,23.281818181818185,27.29090909090909,20.063636363636363,0.8090909090909091,0.8090909090909091,0.0,4.363636363636363,88.18181818181819,14.29090909090909,27.327272727272728,12.767272727272728,1015.3727272727273,59.09090909090909,18.818181818181817,0.0,2.348181818181818,19.8074,105.77639999999998,8.885454545454545,10.932727272727272,12,51,51,51,1970-01-21 10:36:51.970909091,1970-01-21 10:37:31.320000000,Đông
Thanh Hóa,Bắc Trung Bộ,2025-12-21,21.481818181818184,25.645454545454548,18.636363636363637,23.4,27.072727272727274,20.318181818181817,0.7818181818181817,0.7818181818181817,0.0,4.454545454545454,85.0909090909091,15.554545454545455,30.772727272727273,13.516363636363637,1017.3454545454545,39.0,18.663636363636364,0.0,2.5745454545454547,19.8074,105.77639999999998,9.913636363636364,10.932727272727272,12,51,51,19,1970-01-21 10:38:18.387272727,1970-01-21 10:38:57.747272727,Đông
Thanh Hóa,Bắc Trung Bộ,2025-12-22,21.654545454545453,24.90909090909091,18.79090909090909,23.972727272727273,27.454545454545453,20.663636363636364,1.2909090909090908,1.2909090909090908,0.0,6.545454545454546,86.54545454545455,12.79090909090909,24.663636363636364,12.757272727272728,1015.4090909090909,38.18181818181818,19.245454545454546,0.0,2.390909090909091,19.8074,105.77639999999998,9.981818181818182,10.932727272727272,12,52,51,44,1970-01-21 10:39:44.830909091,1970-01-21 10:40:24.180000000,Đông
Thanh Hóa,Bắc Trung Bộ,2025-12-23,22.0,24.94545454545454,20.12727272727273,24.754545454545454,27.1,22.80909090909091,2.3363636363636364,2.3363636363636364,0.0,9.636363636363637,89.36363636363636,14.627272727272727,29.09090909090909,10.984545454545454,1014.1181818181819,53.72727272727273,20.063636363636363,0.0,2.0927272727272728,19.8074,105.77639999999998,8.41,10.932727272727272,12,52,53,147,1970-01-21 10:41:11.247272727,1970-01-21 10:41:50.618181818,Đông
Thanh Hóa,Bắc Trung Bộ,2025-12-24,22.30909090909091,25.91818181818182,19.80909090909091,25.30909090909091,28.4,22.918181818181818,1.3454545454545455,1.3454545454545455,0.0,7.7272727272727275,89.45454545454545,15.245454545454544,29.88181818181818,13.575454545454546,1013.1363636363636,49.54545454545455,20.327272727272728,0.0,2.5436363636363635,19.8074,105.77639999999998,8.973636363636363,10.937272727272727,12,52,51,126,1970-01-21 10:42:37.690909091,1970-01-21 10:43:17.045454545,Đông
Thanh Hóa,Bắc Trung Bộ,2025-12-25,18.38181818181818,21.181818181818183,15.80909090909091,16.536363636363635,23.41818181818182,12.70909090909091,5.490909090909091,5.490909090909091,0.0,10.636363636363637,70.81818181818181,27.163636363636364,47.190909090909095,4.929090909090909,1019.2636363636364,99.27272727272727,12.572727272727274,0.0,2.139090909090909,19.8074,105.77639999999998,0.19363636363636363,10.937272727272727,12,52,61,13,1970-01-21 10:44:04.107272727,1970-01-21 10:44:43.483636363,Đông
Thanh Hóa,Bắc Trung Bộ,2025-12-26,17.063636363636363,20.09090909090909,14.8,15.3,19.327272727272728,12.727272727272727,0.0,0.0,0.0,0.0,58.54545454545455,15.981818181818182,30.063636363636363,16.402727272727272,1020.4818181818181,30.363636363636363,8.627272727272727,0.0,3.4918181818181817,19.8074,105.77639999999998,9.968181818181819,10.93909090909091,12,52,3,40,1970-01-21 10:45:30.545454545,1970-01-21 10:46:09.905454545,Đông
Thanh Hóa,Bắc Trung Bộ,2025-12-27,16.972727272727273,20.454545454545453,13.745454545454544,16.38181818181818,20.09090909090909,12.627272727272727,0.0,0.0,0.0,0.0,72.72727272727273,13.390909090909092,27.236363636363638,10.64090909090909,1019.5,53.27272727272727,11.836363636363636,0.0,2.097272727272727,19.8074,105.77639999999998,7.222727272727273,10.94,12,52,3,2,1970-01-21 10:46:56.956363636,1970-01-21 10:47:36.349090909,Đông
Thanh Hóa,Bắc Trung Bộ,2025-12-28,18.063636363636363,21.70909090909091,14.372727272727273,18.00909090909091,22.38181818181818,13.80909090909091,0.03636363636363637,0.03636363636363637,0.0,0.36363636363636365,74.54545454545455,11.736363636363636,23.136363636363637,10.651818181818182,1018.5363636363636,67.36363636363636,13.29090909090909,0.0,2.1763636363636363,19.8074,105.77639999999998,7.007272727272727,10.94090909090909,12,52,3,24,1970-01-21 10:48:23.389090909,1970-01-21 10:49:02.781818181,Đông
Thanh Hóa,Bắc Trung Bộ,2025-12-29,19.154545454545453,23.336363636363636,14.654545454545454,20.245454545454546,24.281818181818185,15.590909090909092,0.17272727272727273,0.17272727272727273,0.0,1.7272727272727273,83.45454545454545,15.345454545454546,29.2,12.120909090909093,1015.6,43.09090909090909,16.081818181818182,0.0,2.2981818181818183,19.8074,105.77639999999998,9.519090909090908,10.947272727272727,12,1,51,117,1970-01-21 10:49:49.816363636,1970-01-21 10:50:29.209090909,Đông
Thanh Hóa,Bắc Trung Bộ,2025-12-30,20.672727272727272,23.718181818181815,18.454545454545453,22.154545454545453,24.70909090909091,20.21818181818182,1.6454545454545455,1.6454545454545455,0.0,7.909090909090909,82.81818181818181,13.490909090909092,27.00909090909091,12.536363636363637,1014.5636363636364,54.72727272727273,17.527272727272727,0.0,2.4263636363636363,19.8074,105.77639999999998,9.28,10.950000000000001,12,1,51,117,1970-01-21 10:51:16.232727272,1970-01-21 10:51:55.647272727,Đông
Thanh Hóa,Bắc Trung Bộ,2025-12-31,20.80909090909091,24.527272727272727,17.827272727272728,22.599999999999998,25.636363636363637,19.745454545454546,0.45454545454545453,0.45454545454545453,0.0,3.5454545454545454,87.27272727272727,16.454545454545453,31.49090909090909,13.370909090909093,1011.8545454545455,81.72727272727273,18.436363636363637,0.0,2.4881818181818183,19.8074,105.77639999999998,9.464545454545455,10.952727272727273,12,1,51,163,1970-01-21 10:52:42.654545454,1970-01-21 10:53:22.085454545,Đông
Thanh Hóa,Bắc Trung Bộ,2026-01-01,21.12727272727273,24.7,18.80909090909091,22.981818181818184,26.727272727272727,20.163636363636364,4.554545454545455,4.554545454545455,0.0,16.181818181818183,86.45454545454545,17.472727272727273,32.32727272727273,13.501818181818182,1015.0818181818181,77.27272727272727,18.672727272727272,0.0,2.5445454545454544,19.8074,105.77639999999998,9.75,10.957272727272727,1,1,53,108,1970-01-21 10:54:09.076363636,1970-01-21 10:54:48.529090909,Đông
Thanh Hóa,Bắc Trung Bộ,2026-01-02,18.0,19.327272727272728,16.29090909090909,16.89090909090909,19.545454545454547,15.072727272727274,5.854545454545455,5.854545454545455,0.0,12.636363636363637,80.63636363636364,21.89090909090909,39.13636363636363,4.0636363636363635,1021.0545454545455,98.0909090909091,14.545454545454545,0.0,1.469090909090909,19.8074,105.77639999999998,0.0,10.960909090909091,1,1,51,28,1970-01-21 10:55:35.487272727,1970-01-21 10:56:14.956363636,Đông
Thanh Hóa,Bắc Trung Bộ,2026-01-03,17.2,19.5,15.109090909090908,16.40909090909091,18.945454545454545,13.481818181818182,1.7272727272727273,1.7272727272727273,0.0,7.2727272727272725,77.63636363636364,16.972727272727273,31.227272727272727,6.415454545454545,1021.9181818181819,98.27272727272727,13.172727272727274,0.0,1.69,19.8074,105.77639999999998,1.2745454545454544,10.967272727272727,1,1,51,11,1970-01-21 10:57:01.909090909,1970-01-21 10:57:41.389090909,Đông
Thanh Hóa,Bắc Trung Bộ,2026-01-04,18.60909090909091,22.327272727272728,16.172727272727272,19.645454545454545,23.94545454545454,16.30909090909091,0.6545454545454545,0.6545454545454545,0.0,4.363636363636363,84.9090909090909,11.127272727272727,19.87272727272727,8.784545454545453,1019.4363636363636,88.45454545454545,15.927272727272726,0.0,1.6736363636363636,19.8074,105.77639999999998,5.500909090909091,10.972727272727273,1,1,51,358,1970-01-21 10:58:28.330909091,1970-01-21 10:59:07.827272727,Đông
Thanh Hóa,Bắc Trung Bộ,2026-01-05,18.063636363636363,20.945454545454545,15.509090909090908,17.972727272727273,21.136363636363637,13.554545454545455,5.290909090909091,5.290909090909091,0.0,10.545454545454545,85.0,22.481818181818184,40.50909090909091,7.55,1020.7727272727273,94.18181818181819,15.390909090909092,0.0,1.670909090909091,19.8074,105.77639999999998,3.2436363636363637,10.98,1,2,61,31,1970-01-21 10:59:54.736363636,1970-01-21 11:00:34.265454545,Đông
Thanh Hóa,Bắc Trung Bộ,2026-01-06,15.136363636363637,16.772727272727273,13.509090909090908,12.363636363636363,14.054545454545455,11.072727272727272,0.03636363636363637,0.03636363636363637,0.0,0.2727272727272727,67.27272727272727,22.754545454545454,42.11818181818182,7.092727272727273,1025.2181818181818,95.45454545454545,9.08181818181818,0.0,2.2190909090909092,19.8074,105.77639999999998,1.9590909090909092,10.987272727272726,1,2,3,4,1970-01-21 11:01:21.152727272,1970-01-21 11:02:00.709090909,Đông
Thanh Hóa,Bắc Trung Bộ,2026-01-07,14.990909090909092,19.29090909090909,11.563636363636364,12.927272727272726,17.736363636363635,9.227272727272727,0.0,0.0,0.0,0.0,64.45454545454545,17.5,33.70909090909091,16.21,1026.0,24.818181818181817,7.881818181818182,0.0,3.0818181818181816,19.8074,105.77639999999998,9.649090909090908,10.990909090909092,1,2,3,16,1970-01-21 11:02:47.569090909,1970-01-21 11:03:27.141818181,Đông
Thanh Hóa,Bắc Trung Bộ,2026-01-08,14.909090909090908,20.16363636363636,10.727272727272727,12.963636363636363,17.936363636363637,8.763636363636364,0.0,0.0,0.0,0.0,63.72727272727273,16.272727272727273,32.10909090909091,17.494545454545456,1025.8545454545454,22.545454545454547,7.363636363636363,0.0,3.2390909090909092,19.8074,105.77639999999998,10.098181818181818,11.0,1,2,3,15,1970-01-21 11:04:13.990909091,1970-01-21 11:04:53.580000000,Đông
Thanh Hóa,Bắc Trung Bộ,2026-01-09,15.118181818181819,20.88181818181818,9.700000000000001,14.02727272727273,20.38181818181818,8.154545454545454,0.0,0.0,0.0,0.0,69.45454545454545,12.327272727272726,24.6,17.425454545454546,1022.6545454545455,54.0,9.045454545454545,0.0,3.0481818181818183,19.8074,105.77639999999998,10.097272727272726,11.009090909090908,1,2,3,32,1970-01-21 11:05:40.396363636,1970-01-21 11:06:20.023636363,Đông
Thanh Hóa,Bắc Trung Bộ,2026-01-10,15.854545454545455,21.472727272727273,10.563636363636364,15.336363636363636,21.12727272727273,9.836363636363636,0.0,0.0,0.0,0.0,75.54545454545455,11.79090909090909,23.954545454545453,17.06,1020.5636363636364,10.818181818181818,11.009090909090908,0.0,2.9818181818181815,19.8074,105.77639999999998,10.146363636363636,11.017272727272728,1,2,3,22,1970-01-21 11:07:06.796363636,1970-01-21 11:07:46.461818181,Đông
Thanh Hóa,Bắc Trung Bộ,2026-01-11,16.745454545454546,22.88181818181818,12.136363636363637,16.054545454545455,22.254545454545454,11.236363636363636,0.0,0.0,0.0,0.0,73.63636363636364,16.472727272727273,31.99090909090909,17.322727272727274,1022.8727272727273,13.636363636363637,11.354545454545455,0.0,3.1963636363636367,19.8074,105.77639999999998,10.159999999999998,11.024545454545454,1,2,3,41,1970-01-21 11:08:33.207272727,1970-01-21 11:09:12.894545454,Đông
Thanh Hóa,Bắc Trung Bộ,2026-01-12,16.863636363636363,22.472727272727273,11.227272727272727,16.945454545454545,22.827272727272728,10.981818181818182,0.02727272727272728,0.02727272727272728,0.0,0.2727272727272727,80.72727272727273,15.009090909090908,29.08181818181818,14.78,1020.2636363636364,41.90909090909091,13.19090909090909,0.0,2.6818181818181817,19.8074,105.77639999999998,10.08181818181818,11.032727272727273,1,3,3,94,1970-01-21 11:09:59.618181818,1970-01-21 11:10:39.343636363,Đông
Thanh Hóa,Bắc Trung Bộ,2026-01-13,18.3,24.018181818181816,14.054545454545455,18.60909090909091,24.39090909090909,14.172727272727274,0.0,0.0,0.0,0.0,79.0,15.70909090909091,29.90909090909091,16.246363636363636,1019.2181818181817,8.909090909090908,14.145454545454545,0.0,2.9709090909090907,19.8074,105.77639999999998,10.147272727272728,11.042727272727273,1,3,0,1,1970-01-21 11:11:26.023636363,1970-01-21 11:12:05.781818181,Đông
Thanh Hóa,Bắc Trung Bộ,2026-01-14,18.654545454545453,24.336363636363636,14.036363636363637,19.554545454545455,25.363636363636363,14.618181818181819,0.0,0.0,0.0,0.0,84.0909090909091,18.272727272727273,35.6,16.35181818181818,1015.9454545454545,16.09090909090909,15.609090909090908,0.0,2.909090909090909,19.8074,105.77639999999998,10.15,11.052727272727273,1,3,3,141,1970-01-21 11:12:52.434545454,1970-01-21 11:13:32.214545454,Đông
Thanh Hóa,Bắc Trung Bộ,2026-01-15,19.581818181818182,23.027272727272727,17.081818181818182,21.381818181818183,25.00909090909091,18.545454545454547,0.9636363636363636,0.9636363636363636,0.0,4.7272727272727275,90.0909090909091,14.0,25.88181818181818,10.422727272727272,1015.8636363636364,62.72727272727273,17.80909090909091,0.0,1.901818181818182,19.8074,105.77639999999998,7.358181818181818,11.062727272727273,1,3,51,87,1970-01-21 11:14:18.840000000,1970-01-21 11:14:58.669090909,Đông
Thanh Hóa,Bắc Trung Bộ,2026-01-16,21.009090909090908,25.745454545454546,18.37272727272727,22.79090909090909,27.136363636363637,20.572727272727274,0.10909090909090911,0.10909090909090911,0.0,1.0909090909090908,86.18181818181819,18.981818181818184,36.4,14.644545454545455,1012.7090909090908,50.09090909090909,18.345454545454544,0.0,2.750909090909091,19.8074,105.77639999999998,9.077272727272726,11.072727272727272,1,3,3,163,1970-01-21 11:15:45.245454545,1970-01-21 11:16:25.101818181,Đông
Thanh Hóa,Bắc Trung Bộ,2026-01-17,20.854545454545455,24.281818181818185,18.3,23.40909090909091,27.227272727272727,20.972727272727273,1.3272727272727274,1.3272727272727274,0.0,6.909090909090909,90.54545454545455,13.945454545454545,26.818181818181817,9.99,1011.9545454545455,77.54545454545455,19.154545454545456,0.0,1.9027272727272726,19.8074,105.77639999999998,6.765454545454546,11.082727272727272,1,3,53,108,1970-01-21 11:17:11.650909091,1970-01-21 11:17:51.534545454,Đông
Thanh Hóa,Bắc Trung Bộ,2026-01-18,21.5,25.11818181818182,19.245454545454546,23.745454545454546,27.436363636363637,21.563636363636363,1.1545454545454545,1.1545454545454545,0.0,7.0,87.54545454545455,17.154545454545453,32.981818181818184,14.911818181818182,1011.4181818181819,53.18181818181818,19.2,0.0,2.6999999999999997,19.8074,105.77639999999998,10.16,11.092727272727272,1,3,51,144,1970-01-21 11:18:38.050909091,1970-01-21 11:19:17.983636363,Đông
Thanh Hóa,Bắc Trung Bộ,2026-01-19,21.036363636363635,25.172727272727272,17.545454545454547,22.8,26.027272727272727,19.436363636363637,0.06363636363636364,0.06363636363636364,0.0,0.6363636363636364,85.9090909090909,17.009090909090908,33.418181818181814,14.780909090909091,1012.0909090909091,44.09090909090909,18.363636363636363,0.0,2.7954545454545454,19.8074,105.77639999999998,10.143636363636363,11.104545454545454,1,4,3,159,1970-01-21 11:20:04.445454545,1970-01-21 11:20:44.416363636,Đông
Thanh Hóa,Bắc Trung Bộ,2026-01-20,21.063636363636363,24.263636363636362,18.645454545454545,23.327272727272728,26.2,21.081818181818182,1.3545454545454545,1.3545454545454545,0.0,6.454545454545454,90.0,17.990909090909092,34.190909090909095,12.916363636363638,1014.2818181818183,58.09090909090909,19.236363636363635,0.0,2.3363636363636364,19.8074,105.77639999999998,8.450909090909091,11.11909090909091,1,4,51,135,1970-01-21 11:21:30.845454545,1970-01-21 11:22:10.849090909,Đông
Thanh Hóa,Bắc Trung Bộ,2026-01-21,19.099999999999998,20.87272727272727,16.554545454545455,19.60909090909091,22.836363636363636,15.827272727272726,10.518181818181818,10.518181818181818,0.0,18.454545454545453,90.0909090909091,23.981818181818184,44.02727272727273,5.444545454545454,1018.1636363636363,88.0909090909091,17.39090909090909,0.0,1.200909090909091,19.8074,105.77639999999998,1.37,11.13,1,4,63,64,1970-01-21 11:22:57.240000000,1970-01-21 11:23:37.292727272,Đông
Thanh Hóa,Bắc Trung Bộ,2026-01-22,13.963636363636363,16.072727272727274,12.272727272727273,11.536363636363637,15.3,9.763636363636364,1.7,1.7,0.0,3.8181818181818183,76.0,21.136363636363637,38.97272727272727,5.833636363636364,1023.1,100.0,9.727272727272727,0.0,1.5754545454545452,19.8074,105.77639999999998,0.5918181818181818,11.14,1,4,51,3,1970-01-21 11:24:23.629090909,1970-01-21 11:25:03.725454545,Đông
Thanh Hóa,Bắc Trung Bộ,2026-01-23,14.6,18.418181818181818,11.145454545454545,13.263636363636364,17.954545454545453,8.818181818181818,0.17272727272727273,0.17272727272727273,0.0,1.6363636363636365,75.18181818181819,14.136363636363637,25.49090909090909,11.381818181818183,1023.7636363636364,91.72727272727273,10.154545454545454,0.0,2.132727272727273,19.8074,105.77639999999998,5.39,11.151818181818182,1,4,51,20,1970-01-21 11:25:50.018181818,1970-01-21 11:26:30.169090909,Đông
Thanh Hóa,Bắc Trung Bộ,2026-01-24,16.254545454545454,18.79090909090909,13.663636363636364,15.781818181818181,19.29090909090909,12.336363636363636,0.4454545454545455,0.4454545454545455,0.0,3.909090909090909,80.72727272727273,14.072727272727274,25.272727272727273,7.869999999999999,1021.5454545454545,98.36363636363636,12.872727272727273,0.0,1.5872727272727274,19.8074,105.77639999999998,1.19,11.164545454545454,1,4,51,23,1970-01-21 11:27:16.407272727,1970-01-21 11:27:56.607272727,Đông
Thanh Hóa,Bắc Trung Bộ,2026-01-25,18.181818181818183,23.463636363636365,13.79090909090909,19.145454545454545,23.954545454545453,14.363636363636363,0.045454545454545456,0.045454545454545456,0.0,0.45454545454545453,87.45454545454545,17.19090909090909,33.04545454545455,13.227272727272727,1017.3636363636364,51.81818181818182,15.845454545454546,0.0,2.3645454545454543,19.8074,105.77639999999998,7.844545454545454,11.17909090909091,1,4,3,160,1970-01-21 11:28:42.796363636,1970-01-21 11:29:23.034545454,Đông
Thanh Hóa,Bắc Trung Bộ,2026-01-26,19.70909090909091,22.90909090909091,17.0,21.572727272727274,24.872727272727275,18.818181818181817,1.9727272727272727,1.9727272727272727,0.0,8.545454545454545,90.0,14.363636363636363,27.563636363636363,12.285454545454547,1018.8272727272728,65.0909090909091,17.90909090909091,0.0,2.2018181818181817,19.8074,105.77639999999998,9.108181818181817,11.19,1,5,53,93,1970-01-21 11:30:09.196363636,1970-01-21 11:30:49.483636363,Đông
Thanh Hóa,Bắc Trung Bộ,2026-01-27,19.763636363636365,23.50909090909091,16.818181818181817,21.30909090909091,25.163636363636364,18.263636363636365,0.41818181818181815,0.41818181818181815,0.0,3.727272727272727,86.72727272727273,15.909090909090908,30.645454545454548,14.392727272727273,1019.6454545454545,51.81818181818182,17.29090909090909,0.0,2.5863636363636364,19.8074,105.77639999999998,9.987272727272726,11.204545454545455,1,5,51,57,1970-01-21 11:31:35.585454545,1970-01-21 11:32:15.916363636,Đông
Thanh Hóa,Bắc Trung Bộ,2026-01-28,18.71818181818182,23.09090909090909,15.872727272727273,19.527272727272727,23.55454545454546,16.8,0.0,0.0,0.0,0.0,84.81818181818181,15.80909090909091,31.345454545454547,17.023636363636363,1019.8,37.0,15.854545454545455,0.0,2.955454545454545,19.8074,105.77639999999998,10.386363636363637,11.22,1,5,3,52,1970-01-21 11:33:01.963636363,1970-01-21 11:33:42.349090909,Đông
Thanh Hóa,Bắc Trung Bộ,2026-01-29,20.027272727272727,24.55454545454546,16.236363636363635,21.12727272727273,25.063636363636363,17.445454545454545,0.14545454545454548,0.14545454545454548,0.0,1.3636363636363635,86.45454545454545,19.11818181818182,35.82727272727273,14.30181818181818,1016.9090909090909,52.72727272727273,17.490909090909092,0.0,2.639090909090909,19.8074,105.77639999999998,8.857272727272727,11.231818181818182,1,5,51,178,1970-01-21 11:34:28.341818181,1970-01-21 11:35:08.792727272,Đông
Thanh Hóa,Bắc Trung Bộ,2026-01-30,20.78181818181818,24.545454545454547,17.818181818181817,22.736363636363635,26.29090909090909,19.654545454545453,0.8545454545454546,0.8545454545454546,0.0,5.7272727272727275,88.36363636363636,16.827272727272728,33.445454545454545,14.753636363636362,1017.2,54.36363636363637,18.62727272727273,0.0,2.673636363636364,19.8074,105.77639999999998,9.289090909090909,11.246363636363638,1,5,51,156,1970-01-21 11:35:54.736363636,1970-01-21 11:36:35.220000000,Đông
Thanh Hóa,Bắc Trung Bộ,2026-01-31,19.772727272727273,22.545454545454547,17.454545454545453,20.754545454545454,23.272727272727273,18.481818181818184,0.5363636363636364,0.5363636363636364,0.0,2.909090909090909,85.72727272727273,22.181818181818183,41.400000000000006,11.77,1020.2636363636364,68.18181818181819,17.136363636363637,0.0,2.2254545454545456,19.8074,105.77639999999998,8.156363636363636,11.261818181818182,1,5,51,64,1970-01-21 11:37:21.120000000,1970-01-21 11:38:01.663636363,Đông
Thanh Hóa,Bắc Trung Bộ,2026-02-01,18.736363636363635,21.62727272727273,15.7,18.8,21.363636363636363,16.354545454545455,0.16363636363636364,0.16363636363636364,0.0,1.5454545454545454,79.0909090909091,16.89090909090909,31.527272727272724,12.236363636363636,1021.8272727272728,60.27272727272727,14.881818181818181,0.0,2.3954545454545455,19.8074,105.77639999999998,7.2236363636363645,11.276363636363635,2,5,51,65,1970-01-21 11:38:47.498181818,1970-01-21 11:39:28.096363636,Đông
Thanh Hóa,Bắc Trung Bộ,2026-02-02,18.145454545454545,21.063636363636363,15.19090909090909,17.463636363636365,20.39090909090909,14.909090909090908,0.5909090909090909,0.5909090909090909,0.0,2.909090909090909,76.27272727272727,19.936363636363637,36.79090909090909,10.180909090909092,1023.3090909090909,67.45454545454545,13.7,0.0,2.31,19.8074,105.77639999999998,5.445454545454545,11.291818181818181,2,6,51,23,1970-01-21 11:40:13.876363636,1970-01-21 11:40:54.529090909,Đông
Thanh Hóa,Bắc Trung Bộ,2026-02-03,17.563636363636363,21.454545454545453,13.427272727272726,17.563636363636363,21.79090909090909,12.963636363636363,0.009090909090909092,0.009090909090909092,0.0,0.09090909090909091,77.81818181818181,12.7,24.781818181818185,12.860000000000001,1022.6818181818181,58.0,13.454545454545455,0.0,2.399090909090909,19.8074,105.77639999999998,7.654545454545455,11.306363636363637,2,6,3,51,1970-01-21 11:41:40.265454545,1970-01-21 11:42:20.967272727,Đông
Thanh Hóa,Bắc Trung Bộ,2026-02-04,19.036363636363635,23.572727272727274,15.445454545454545,20.063636363636363,24.5,16.481818181818184,0.09090909090909091,0.09090909090909091,0.0,0.8181818181818182,86.18181818181819,17.28181818181818,33.04545454545455,14.17,1017.8545454545455,44.72727272727273,16.454545454545453,0.0,2.5672727272727274,19.8074,105.77639999999998,9.344545454545454,11.321818181818182,2,6,3,151,1970-01-21 11:43:06.638181818,1970-01-21 11:43:47.394545454,Đông
Thanh Hóa,Bắc Trung Bộ,2026-02-05,21.136363636363637,25.90909090909091,17.863636363636363,23.136363636363637,28.372727272727275,19.581818181818182,0.21818181818181817,0.21818181818181817,0.0,1.8181818181818181,88.0909090909091,18.518181818181816,35.67272727272727,14.67090909090909,1014.5,63.36363636363637,18.89090909090909,0.0,2.7018181818181817,19.8074,105.77639999999998,7.953636363636363,11.337272727272726,2,6,51,166,1970-01-21 11:44:33.016363636,1970-01-21 11:45:13.832727272,Đông
Thanh Hóa,Bắc Trung Bộ,2026-02-06,21.863636363636363,24.08181818181818,20.418181818181818,24.61818181818182,26.636363636363637,23.5,0.6636363636363636,0.6636363636363636,0.0,4.909090909090909,90.72727272727273,16.327272727272728,31.672727272727272,10.008181818181818,1013.7090909090908,79.0909090909091,20.227272727272727,0.0,1.910909090909091,19.8074,105.77639999999998,5.218181818181818,11.353636363636364,2,6,51,137,1970-01-21 11:45:59.394545454,1970-01-21 11:46:40.260000000,Đông
Thanh Hóa,Bắc Trung Bộ,2026-02-07,21.727272727272727,24.245454545454546,20.136363636363637,23.854545454545452,25.827272727272728,22.0,0.8818181818181817,0.8818181818181817,0.0,5.545454545454546,89.0909090909091,18.227272727272727,35.09090909090909,14.289090909090909,1015.8181818181819,68.63636363636364,19.736363636363635,0.0,2.5536363636363637,19.8074,105.77639999999998,9.899090909090908,11.37,2,6,51,125,1970-01-21 11:47:25.761818181,1970-01-21 11:48:06.698181818,Đông
Thanh Hóa,Bắc Trung Bộ,2026-02-08,17.445454545454545,20.572727272727274,13.70909090909091,16.490909090909092,22.3,11.672727272727274,10.290909090909091,10.290909090909091,0.0,16.454545454545453,88.18181818181819,27.136363636363637,47.36363636363637,3.409090909090909,1020.7727272727273,99.18181818181819,15.418181818181818,0.0,1.000909090909091,19.8074,105.77639999999998,0.0,11.385454545454547,2,6,61,27,1970-01-21 11:48:52.156363636,1970-01-21 11:49:33.125454545,Đông
Thanh Hóa,Bắc Trung Bộ,2026-02-09,15.02727272727273,17.88181818181818,13.172727272727274,13.890909090909092,17.490909090909092,11.190909090909091,0.33636363636363636,0.33636363636363636,0.0,3.0,81.45454545454545,16.945454545454545,30.29090909090909,7.180909090909091,1020.3454545454545,87.54545454545455,11.827272727272726,0.0,1.4781818181818183,19.8074,105.77639999999998,1.8254545454545457,11.401818181818182,2,7,51,352,1970-01-21 11:50:18.507272727,1970-01-21 11:50:59.569090909,Đông
Thanh Hóa,Bắc Trung Bộ,2026-02-10,18.345454545454544,23.154545454545453,14.863636363636363,19.12727272727273,24.427272727272726,14.890909090909092,0.009090909090909092,0.009090909090909092,0.0,0.09090909090909091,82.27272727272727,11.927272727272726,25.7,11.442727272727273,1018.0818181818181,77.63636363636364,15.163636363636364,0.0,2.191818181818182,19.8074,105.77639999999998,5.32,11.417272727272728,2,7,3,31,1970-01-21 11:51:44.896363636,1970-01-21 11:52:25.990909091,Đông
Thanh Hóa,Bắc Trung Bộ,2026-02-11,19.70909090909091,22.145454545454545,17.90909090909091,21.39090909090909,23.527272727272727,19.636363636363637,1.190909090909091,1.190909090909091,0.0,5.090909090909091,90.36363636363636,14.681818181818182,28.063636363636363,7.453636363636363,1019.5727272727272,84.81818181818181,18.063636363636363,0.0,1.4481818181818182,19.8074,105.77639999999998,1.5718181818181818,11.433636363636364,2,7,51,66,1970-01-21 11:53:11.258181818,1970-01-21 11:53:52.429090909,Đông
Thanh Hóa,Bắc Trung Bộ,2026-02-12,20.427272727272726,23.454545454545453,18.436363636363637,22.400000000000002,24.827272727272728,20.400000000000002,0.9545454545454546,0.9545454545454546,0.0,5.909090909090909,90.0909090909091,15.7,30.754545454545454,12.241818181818182,1017.3181818181819,83.0,18.654545454545456,0.0,2.1863636363636365,19.8074,105.77639999999998,6.792727272727273,11.451818181818181,2,7,51,97,1970-01-21 11:54:37.636363636,1970-01-21 11:55:18.850909091,Đông
Thanh Hóa,Bắc Trung Bộ,2026-02-13,21.60909090909091,24.481818181818184,19.445454545454545,23.563636363636363,26.036363636363635,21.918181818181818,0.5,0.5,0.0,4.090909090909091,88.18181818181819,17.827272727272728,33.59090909090909,12.422727272727274,1015.3181818181819,55.36363636363637,19.454545454545453,0.0,2.3754545454545455,19.8074,105.77639999999998,7.492727272727273,11.467272727272729,2,7,51,153,1970-01-21 11:56:03.998181818,1970-01-21 11:56:45.289090909,Đông
Thanh Hóa,Bắc Trung Bộ,2026-02-14,21.181818181818183,24.763636363636362,18.654545454545453,23.518181818181816,26.681818181818183,21.363636363636363,0.18181818181818182,0.18181818181818182,0.0,1.7272727272727273,89.9090909090909,16.12727272727273,31.709090909090904,14.314545454545454,1015.0727272727272,47.27272727272727,19.272727272727273,0.0,2.631818181818182,19.8074,105.77639999999998,8.460909090909091,11.483636363636364,2,7,51,127,1970-01-21 11:57:30.376363636,1970-01-21 11:58:11.710909091,Đông
Thanh Hóa,Bắc Trung Bộ,2026-02-15,21.836363636363636,25.654545454545453,19.545454545454547,24.145454545454548,28.11818181818182,22.12727272727273,0.20909090909090908,0.20909090909090908,0.0,1.7272727272727273,87.36363636363636,17.7,34.99090909090909,17.527272727272727,1014.0090909090909,52.18181818181818,19.463636363636365,0.0,3.190909090909091,19.8074,105.77639999999998,9.713636363636363,11.501818181818182,2,7,51,159,1970-01-21 11:58:56.721818181,1970-01-21 11:59:38.138181818,Đông
Thanh Hóa,Bắc Trung Bộ,2026-02-16,21.581818181818182,25.718181818181815,18.80909090909091,24.181818181818183,28.181818181818183,21.518181818181816,0.22727272727272727,0.22727272727272727,0.0,2.1818181818181817,88.81818181818181,16.263636363636365,31.38181818181818,15.518181818181818,1013.9727272727273,57.27272727272727,19.436363636363637,0.0,2.911818181818182,19.8074,105.77639999999998,9.32909090909091,11.517272727272728,2,8,51,143,1970-01-21 12:00:23.105454545,1970-01-21 12:01:04.560000000,Đông
Thanh Hóa,Bắc Trung Bộ,2026-02-17,21.936363636363637,24.59090909090909,19.772727272727273,23.863636363636363,26.036363636363635,21.254545454545454,2.5090909090909093,2.5090909090909093,0.0,7.636363636363637,86.9090909090909,21.081818181818182,40.127272727272725,12.845454545454546,1016.3545454545455,72.27272727272727,19.554545454545455,0.0,2.438181818181818,19.8074,105.77639999999998,7.66,11.535454545454543,2,8,53,57,1970-01-21 12:01:49.456363636,1970-01-21 12:02:30.992727272,Đông
Thanh Hóa,Bắc Trung Bộ,2026-02-18,19.672727272727272,21.21818181818182,18.490909090909092,20.327272727272728,22.318181818181817,18.981818181818184,3.6818181818181817,3.6818181818181817,0.0,12.909090909090908,86.9090909090909,18.763636363636362,34.81818181818182,4.165454545454545,1019.8181818181819,99.54545454545455,17.38181818181818,0.0,1.1209090909090909,19.8074,105.77639999999998,0.005454545454545454,11.553636363636365,2,8,53,24,1970-01-21 12:03:15.834545454,1970-01-21 12:03:57.414545454,Đông
Thanh Hóa,Bắc Trung Bộ,2026-02-19,19.509090909090908,21.463636363636365,17.900000000000002,20.327272727272728,22.436363636363637,18.40909090909091,2.209090909090909,2.209090909090909,0.0,11.727272727272727,86.0909090909091,15.845454545454546,29.1,4.784545454545455,1021.0090909090909,100.0,17.081818181818182,0.0,1.208181818181818,19.8074,105.77639999999998,0.011818181818181818,11.573636363636364,2,8,51,25,1970-01-21 12:04:42.196363636,1970-01-21 12:05:23.852727272,Đông
Thanh Hóa,Bắc Trung Bộ,2026-02-20,20.099999999999998,23.50909090909091,17.972727272727273,21.036363636363635,25.181818181818183,18.581818181818182,0.03636363636363637,0.03636363636363637,0.0,0.36363636363636365,81.9090909090909,14.581818181818182,27.50909090909091,14.765454545454547,1019.3181818181819,50.54545454545455,16.745454545454546,0.0,2.7845454545454547,19.8074,105.77639999999998,8.913636363636364,11.58909090909091,2,8,3,60,1970-01-21 12:06:08.541818181,1970-01-21 12:06:50.274545454,Đông
Thanh Hóa,Bắc Trung Bộ,2026-02-21,21.19090909090909,26.00909090909091,17.818181818181817,22.818181818181817,28.10909090909091,19.345454545454547,0.009090909090909092,0.009090909090909092,0.0,0.09090909090909091,86.45454545454545,19.12727272727273,36.76363636363636,17.356363636363636,1010.6,36.45454545454545,18.681818181818183,0.0,3.149090909090909,19.8074,105.77639999999998,10.831818181818182,11.606363636363636,2,8,3,174,1970-01-21 12:07:34.914545454,1970-01-21 12:08:16.696363636,Đông
Thanh Hóa,Bắc Trung Bộ,2026-02-22,21.990909090909092,23.781818181818185,20.38181818181818,24.718181818181815,26.954545454545453,22.772727272727273,1.0909090909090908,1.0909090909090908,0.0,6.636363636363637,93.27272727272727,15.781818181818181,28.690909090909088,4.964545454545455,1009.4,90.36363636363636,20.845454545454547,0.0,1.0872727272727274,19.8074,105.77639999999998,0.24636363636363637,11.625454545454545,2,8,51,120,1970-01-21 12:09:01.276363636,1970-01-21 12:09:43.123636363,Đông
Thanh Hóa,Bắc Trung Bộ,2026-02-23,23.172727272727272,25.61818181818182,21.70909090909091,25.70909090909091,27.645454545454548,24.245454545454546,0.6545454545454545,0.6545454545454545,0.0,5.454545454545454,88.9090909090909,18.509090909090908,34.95454545454545,12.385454545454547,1010.2363636363636,84.81818181818181,21.163636363636364,0.0,2.3863636363636362,19.8074,105.77639999999998,6.6827272727272735,11.643636363636364,2,9,51,143,1970-01-21 12:10:27.621818181,1970-01-21 12:11:09.540000000,Đông
Thanh Hóa,Bắc Trung Bộ,2026-02-24,23.072727272727274,25.08181818181818,21.30909090909091,25.94545454545454,27.88181818181818,24.563636363636363,0.45454545454545453,0.45454545454545453,0.0,3.727272727272727,89.9090909090909,15.29090909090909,28.927272727272726,9.289090909090909,1011.4818181818181,80.45454545454545,21.272727272727273,0.0,1.85,19.8074,105.77639999999998,3.517272727272727,11.663636363636364,2,9,51,147,1970-01-21 12:11:53.994545454,1970-01-21 12:12:35.972727272,Đông
Thanh Hóa,Bắc Trung Bộ,2026-02-25,22.39090909090909,24.854545454545452,20.672727272727272,25.363636363636363,27.254545454545454,24.0,1.6181818181818182,1.6181818181818182,0.0,7.0,90.81818181818181,16.12727272727273,31.50909090909091,11.718181818181819,1012.4,73.81818181818181,20.71818181818182,0.0,2.2027272727272726,19.8074,105.77639999999998,6.6481818181818175,11.680909090909092,2,9,51,141,1970-01-21 12:13:20.356363636,1970-01-21 12:14:02.394545454,Đông
Thanh Hóa,Bắc Trung Bộ,2026-02-26,22.39090909090909,25.19090909090909,20.481818181818184,25.263636363636362,28.08181818181818,23.354545454545452,0.3909090909090909,0.3909090909090909,0.0,3.0,88.63636363636364,12.581818181818182,25.963636363636365,10.101818181818182,1009.9090909090909,85.72727272727273,20.3,0.0,2.036363636363636,19.8074,105.77639999999998,5.083636363636364,11.69818181818182,2,9,51,146,1970-01-21 12:14:46.701818181,1970-01-21 12:15:28.821818181,Đông
Thanh Hóa,Bắc Trung Bộ,2026-02-27,23.3,26.536363636363635,20.863636363636363,26.518181818181816,29.58181818181818,23.281818181818185,0.18181818181818182,0.18181818181818182,0.0,1.1818181818181819,90.18181818181819,16.036363636363635,30.772727272727273,12.005454545454546,1007.1181818181819,77.9090909090909,21.5,0.0,2.3163636363636364,19.8074,105.77639999999998,7.16,11.716363636363637,2,9,51,161,1970-01-21 12:16:13.069090909,1970-01-21 12:16:55.238181818,Đông
Thanh Hóa,Bắc Trung Bộ,2026-02-28,24.41818181818182,28.481818181818184,22.336363636363636,28.2,32.76363636363636,26.272727272727273,0.3272727272727272,0.3272727272727272,0.0,0.9090909090909091,90.45454545454545,18.518181818181816,36.40909090909091,15.806363636363637,1005.4909090909091,56.63636363636363,22.654545454545453,0.0,2.9736363636363636,19.8074,105.77639999999998,8.973636363636365,11.735454545454546,2,9,3,156,1970-01-21 12:17:39.420000000,1970-01-21 12:18:21.660000000,Đông
Thanh Hóa,Bắc Trung Bộ,2026-03-01,25.163636363636364,30.345454545454547,22.3,29.145454545454548,35.87272727272727,25.927272727272726,0.43636363636363634,0.43636363636363634,0.0,0.9090909090909091,87.72727272727273,19.19090909090909,34.300000000000004,16.951818181818183,1005.3181818181819,44.72727272727273,22.845454545454547,0.0,3.389090909090909,19.8074,105.77639999999998,9.16909090909091,11.753636363636362,3,9,3,148,1970-01-21 12:19:05.776363636,1970-01-21 12:19:48.087272727,Xuân
Thanh Hóa,Bắc Trung Bộ,2026-03-02,25.163636363636364,29.99090909090909,22.39090909090909,30.08181818181818,36.52727272727273,26.818181818181817,0.8545454545454546,0.8545454545454546,0.0,1.8181818181818181,91.0,15.081818181818182,30.336363636363636,16.61,1006.8909090909091,34.63636363636363,23.472727272727273,0.0,3.272727272727273,19.8074,105.77639999999998,9.858181818181817,11.77090909090909,3,10,51,82,1970-01-21 12:20:32.121818181,1970-01-21 12:21:14.509090909,Xuân
Thanh Hóa,Bắc Trung Bộ,2026-03-03,22.436363636363637,24.572727272727274,20.5,23.79090909090909,28.2,20.636363636363637,8.045454545454545,8.045454545454545,0.0,8.545454545454545,84.27272727272727,25.772727272727273,46.99090909090909,9.44909090909091,1011.9363636363636,92.9090909090909,19.554545454545455,0.0,2.2590909090909093,19.8074,105.77639999999998,3.1727272727272724,11.79,3,10,63,49,1970-01-21 12:21:58.494545454,1970-01-21 12:22:40.925454545,Xuân
Thanh Hóa,Bắc Trung Bộ,2026-03-04,19.39090909090909,21.90909090909091,17.527272727272727,19.272727272727273,21.936363636363637,16.845454545454547,0.7000000000000001,0.7000000000000001,0.0,2.5454545454545454,76.27272727272727,18.681818181818183,32.872727272727275,10.288181818181819,1016.2818181818183,73.0909090909091,14.97272727272727,0.0,2.4054545454545457,19.8074,105.77639999999998,3.0990909090909096,11.80818181818182,3,10,51,40,1970-01-21 12:23:24.840000000,1970-01-21 12:24:07.352727272,Xuân
Thanh Hóa,Bắc Trung Bộ,2026-03-05,19.400000000000002,22.0,16.69090909090909,20.87272727272727,23.61818181818182,17.581818181818182,1.5272727272727273,1.5272727272727273,0.0,5.0,87.27272727272727,10.654545454545454,21.427272727272726,6.40090909090909,1015.6454545454545,83.0909090909091,17.181818181818183,0.0,1.3754545454545455,19.8074,105.77639999999998,0.44272727272727275,11.826363636363636,3,10,51,39,1970-01-21 12:24:51.196363636,1970-01-21 12:25:33.774545454,Xuân
Thanh Hóa,Bắc Trung Bộ,2026-03-06,21.054545454545455,23.754545454545454,19.20909090909091,22.445454545454545,25.063636363636363,20.654545454545453,0.49090909090909096,0.49090909090909096,0.0,4.181818181818182,83.18181818181819,14.47272727272727,26.70909090909091,10.196363636363635,1016.7,84.72727272727273,17.963636363636365,0.0,2.17,19.8074,105.77639999999998,4.377272727272727,11.845454545454546,3,10,51,50,1970-01-21 12:26:17.541818181,1970-01-21 12:27:00.185454545,Xuân
Thanh Hóa,Bắc Trung Bộ,2026-03-07,21.66363636363636,24.58181818181818,19.10909090909091,23.6,25.927272727272726,21.581818181818182,0.2818181818181818,0.2818181818181818,0.0,2.3636363636363638,84.27272727272727,16.018181818181816,31.818181818181817,15.561818181818182,1016.8636363636364,57.09090909090909,18.71818181818182,0.0,2.977272727272727,19.8074,105.77639999999998,9.328181818181818,11.863636363636363,3,10,51,77,1970-01-21 12:27:43.909090909,1970-01-21 12:28:26.612727272,Xuân
Thanh Hóa,Bắc Trung Bộ,2026-03-08,22.3,25.236363636363638,20.018181818181816,24.718181818181815,27.072727272727274,22.963636363636365,1.4181818181818182,1.4181818181818182,0.0,9.181818181818182,87.0,17.0,31.781818181818178,15.513636363636364,1016.6545454545455,49.36363636363637,19.918181818181818,0.0,2.959090909090909,19.8074,105.77639999999998,10.283636363636363,11.88090909090909,3,10,51,127,1970-01-21 12:29:10.254545454,1970-01-21 12:29:53.034545454,Xuân
Thanh Hóa,Bắc Trung Bộ,2026-03-09,20.990909090909092,24.5,17.945454545454545,22.027272727272727,26.19090909090909,16.272727272727273,6.090909090909091,6.090909090909091,0.0,10.727272727272727,86.45454545454545,26.59090909090909,47.1,12.088181818181818,1019.8181818181819,73.0,18.563636363636363,0.0,2.4863636363636363,19.8074,105.77639999999998,6.828181818181818,11.9,3,11,63,37,1970-01-21 12:30:36.600000000,1970-01-21 12:31:19.445454545,Xuân
Thanh Hóa,Bắc Trung Bộ,2026-03-10,18.5,21.854545454545455,16.363636363636363,17.272727272727273,21.21818181818182,14.5,0.9454545454545454,0.9454545454545454,0.0,3.272727272727273,69.81818181818181,21.245454545454546,36.845454545454544,13.885454545454547,1022.4,65.27272727272727,12.718181818181819,0.0,3.244545454545454,19.8074,105.77639999999998,7.66090909090909,11.92,3,11,53,27,1970-01-21 12:32:02.956363636,1970-01-21 12:32:45.867272727,Xuân
Thanh Hóa,Bắc Trung Bộ,2026-03-11,18.754545454545454,22.009090909090908,15.745454545454544,19.536363636363635,23.081818181818182,16.19090909090909,0.22727272727272727,0.22727272727272727,0.0,1.9090909090909092,82.36363636363636,13.009090909090908,24.481818181818184,11.447272727272727,1018.7727272727273,68.72727272727273,15.581818181818182,0.0,2.2536363636363634,19.8074,105.77639999999998,5.36090909090909,11.94,3,11,51,38,1970-01-21 12:33:29.301818181,1970-01-21 12:34:12.283636363,Xuân
Thanh Hóa,Bắc Trung Bộ,2026-03-12,20.19090909090909,23.58181818181818,17.599999999999998,20.654545454545453,23.345454545454547,18.727272727272727,0.0,0.0,0.0,0.0,76.0,17.736363636363635,33.518181818181816,13.231818181818182,1018.2181818181817,69.0,15.572727272727274,0.0,2.8736363636363635,19.8074,105.77639999999998,6.867272727272726,11.96,3,11,3,44,1970-01-21 12:34:55.647272727,1970-01-21 12:35:38.700000000,Xuân
Thanh Hóa,Bắc Trung Bộ,2026-03-13,20.172727272727272,24.354545454545452,16.963636363636365,20.69090909090909,24.30909090909091,17.754545454545454,0.2545454545454545,0.2545454545454545,0.0,1.7272727272727273,77.36363636363636,19.754545454545454,36.85454545454545,14.833636363636362,1019.3818181818181,72.72727272727273,15.863636363636363,0.0,3.05,19.8074,105.77639999999998,7.682727272727272,11.98,3,11,51,39,1970-01-21 12:36:22.009090909,1970-01-21 12:37:05.121818181,Xuân
Thanh Hóa,Bắc Trung Bộ,2026-03-14,20.78181818181818,23.245454545454546,19.145454545454545,22.163636363636364,23.763636363636362,20.763636363636365,3.1727272727272724,3.1727272727272724,0.0,13.818181818181818,85.27272727272727,17.681818181818183,34.07272727272727,10.352727272727272,1019.5909090909091,91.81818181818181,18.154545454545453,0.0,2.1572727272727272,19.8074,105.77639999999998,4.304545454545455,12.0,3,11,53,71,1970-01-21 12:37:48.354545454,1970-01-21 12:38:31.538181818,Xuân
Thanh Hóa,Bắc Trung Bộ,2026-03-15,21.30909090909091,24.60909090909091,18.472727272727273,23.872727272727275,27.281818181818185,20.827272727272728,1.3272727272727272,1.3272727272727272,0.0,4.818181818181818,87.0,12.29090909090909,25.563636363636363,15.993636363636364,1018.6181818181819,50.0,18.90909090909091,0.0,2.9709090909090907,19.8074,105.77639999999998,9.841818181818182,12.018181818181818,3,11,51,69,1970-01-21 12:39:14.700000000,1970-01-21 12:39:57.960000000,Xuân
Thanh Hóa,Bắc Trung Bộ,2026-03-16,21.645454545454545,24.781818181818178,18.78181818181818,23.472727272727273,26.145454545454548,21.0,0.9545454545454546,0.9545454545454546,0.0,4.7272727272727275,85.0,18.327272727272728,34.86363636363637,16.267272727272726,1015.7363636363636,26.545454545454547,18.845454545454547,0.0,3.112727272727273,19.8074,105.77639999999998,10.68909090909091,12.033636363636363,3,12,51,157,1970-01-21 12:40:41.045454545,1970-01-21 12:41:24.376363636,Xuân
Thanh Hóa,Bắc Trung Bộ,2026-03-17,22.37272727272727,25.60909090909091,19.463636363636365,24.2,27.20909090909091,21.727272727272727,0.35454545454545455,0.35454545454545455,0.0,2.727272727272727,84.63636363636364,21.354545454545455,39.53636363636363,16.024545454545457,1013.6272727272727,27.90909090909091,19.554545454545455,0.0,3.1163636363636367,19.8074,105.77639999999998,10.368181818181817,12.05,3,12,51,162,1970-01-21 12:42:07.396363636,1970-01-21 12:42:50.787272727,Xuân
Thanh Hóa,Bắc Trung Bộ,2026-03-18,22.79090909090909,26.018181818181816,19.754545454545454,25.527272727272727,28.636363636363637,22.272727272727273,0.33636363636363636,0.33636363636363636,0.0,2.3636363636363638,87.36363636363636,18.581818181818182,35.09090909090909,15.305454545454547,1013.4181818181819,38.45454545454545,20.509090909090908,0.0,2.916363636363636,19.8074,105.77639999999998,9.997272727272728,12.07,3,12,3,150,1970-01-21 12:43:33.741818181,1970-01-21 12:44:17.209090909,Xuân
Thanh Hóa,Bắc Trung Bộ,2026-03-19,23.39090909090909,26.8,21.027272727272727,26.145454545454548,29.58181818181818,24.218181818181815,0.18181818181818182,0.18181818181818182,0.0,1.7272727272727273,88.45454545454545,21.854545454545455,40.836363636363636,16.68909090909091,1012.1545454545455,38.63636363636363,21.21818181818182,0.0,3.147272727272727,19.8074,105.77639999999998,10.09,12.090000000000002,3,12,51,154,1970-01-21 12:45:00.087272727,1970-01-21 12:45:43.620000000,Xuân
Thanh Hóa,Bắc Trung Bộ,2026-03-20,23.572727272727274,26.2,21.536363636363635,26.572727272727274,29.163636363636364,24.436363636363637,0.7000000000000001,0.7000000000000001,0.0,4.181818181818182,90.27272727272727,19.045454545454547,35.73636363636364,12.337272727272728,1012.0727272727272,59.18181818181818,21.80909090909091,0.0,2.3972727272727274,19.8074,105.77639999999998,6.547272727272727,12.109999999999998,3,12,51,143,1970-01-21 12:46:26.443636363,1970-01-21 12:47:10.041818181,Xuân
Thanh Hóa,Bắc Trung Bộ,2026-03-21,23.69090909090909,25.427272727272726,22.345454545454547,26.481818181818184,27.272727272727273,25.8,1.018181818181818,1.018181818181818,0.0,5.636363636363637,89.45454545454545,21.88181818181818,40.554545454545455,10.793636363636365,1013.8454545454545,78.9090909090909,21.80909090909091,0.0,2.173636363636364,19.8074,105.77639999999998,4.615454545454546,12.13,3,12,51,120,1970-01-21 12:47:52.789090909,1970-01-21 12:48:36.452727272,Xuân
Thanh Hóa,Bắc Trung Bộ,2026-03-22,24.09090909090909,26.854545454545452,22.3,27.08181818181818,29.236363636363638,26.036363636363635,0.6363636363636364,0.6363636363636364,0.0,5.090909090909091,87.27272727272727,20.554545454545455,39.20909090909091,15.117272727272729,1012.8,66.45454545454545,21.727272727272727,0.0,2.994545454545454,19.8074,105.77639999999998,8.461818181818181,12.15,3,12,51,144,1970-01-21 12:49:19.140000000,1970-01-21 12:50:02.880000000,Xuân
Thanh Hóa,Bắc Trung Bộ,2026-03-23,24.354545454545452,26.91818181818182,22.863636363636363,27.263636363636362,29.563636363636363,26.027272727272727,0.3181818181818182,0.3181818181818182,0.0,2.6363636363636362,87.27272727272727,21.045454545454547,38.81818181818182,14.701818181818181,1011.5272727272727,60.18181818181818,22.009090909090908,0.0,2.909090909090909,19.8074,105.77639999999998,9.108181818181817,12.17,3,13,51,147,1970-01-21 12:50:45.485454545,1970-01-21 12:51:29.296363636,Xuân
Thanh Hóa,Bắc Trung Bộ,2026-03-24,24.718181818181815,27.29090909090909,22.963636363636365,28.072727272727274,30.3,26.7,0.23636363636363636,0.23636363636363636,0.0,1.9090909090909092,87.0909090909091,18.054545454545455,34.309090909090905,15.141818181818183,1010.3545454545455,60.09090909090909,22.318181818181817,0.0,3.0327272727272727,19.8074,105.77639999999998,9.347272727272726,12.189090909090908,3,13,3,148,1970-01-21 12:52:11.841818181,1970-01-21 12:52:55.701818181,Xuân
Thanh Hóa,Bắc Trung Bộ,2026-03-25,24.79090909090909,27.59090909090909,23.0,27.99090909090909,30.363636363636363,26.745454545454546,0.23636363636363636,0.23636363636363636,0.0,2.1818181818181817,86.54545454545455,19.509090909090908,36.654545454545456,15.947272727272729,1011.0090909090909,61.36363636363637,22.28181818181818,0.0,3.2172727272727273,19.8074,105.77639999999998,9.33090909090909,12.203636363636365,3,13,3,145,1970-01-21 12:53:38.181818181,1970-01-21 12:54:22.129090909,Xuân
Thanh Hóa,Bắc Trung Bộ,2026-03-26,25.08181818181818,28.20909090909091,23.20909090909091,28.70909090909091,32.17272727272727,27.236363636363638,0.2818181818181818,0.2818181818181818,0.0,2.727272727272727,88.45454545454545,20.172727272727272,38.45454545454545,15.625454545454545,1009.3,59.27272727272727,22.963636363636365,0.0,3.0536363636363633,19.8074,105.77639999999998,8.29,12.22,3,13,51,147,1970-01-21 12:55:04.532727272,1970-01-21 12:55:48.540000000,Xuân
Thanh Hóa,Bắc Trung Bộ,2026-03-27,25.20909090909091,28.272727272727273,23.09090909090909,29.372727272727275,32.89090909090909,27.372727272727275,0.23636363636363636,0.23636363636363636,0.0,2.272727272727273,89.72727272727273,18.263636363636365,34.90909090909091,13.039090909090909,1008.1727272727272,74.27272727272727,23.345454545454547,0.0,2.6345454545454547,19.8074,105.77639999999998,5.329999999999999,12.240000000000002,3,13,51,138,1970-01-21 12:56:30.883636363,1970-01-21 12:57:14.956363636,Xuân
Thanh Hóa,Bắc Trung Bộ,2026-03-28,25.436363636363637,28.272727272727273,23.21818181818182,29.745454545454546,32.62727272727273,27.91818181818182,0.4,0.4,0.0,3.5454545454545454,88.81818181818181,16.863636363636363,31.845454545454547,14.744545454545454,1008.3272727272728,70.36363636363636,23.354545454545452,0.0,2.978181818181818,19.8074,105.77639999999998,8.213636363636363,12.259999999999998,3,13,51,127,1970-01-21 12:57:57.234545454,1970-01-21 12:58:41.361818181,Xuân
Thanh Hóa,Bắc Trung Bộ,2026-03-29,25.41818181818182,28.40909090909091,23.5,29.818181818181817,32.99090909090909,27.527272727272727,2.9909090909090907,2.9909090909090907,0.0,4.363636363636363,90.72727272727273,17.945454545454545,35.56363636363636,12.57181818181818,1007.8181818181819,65.63636363636364,23.754545454545454,0.0,2.5281818181818183,19.8074,105.77639999999998,6.680909090909091,12.28,3,13,63,147,1970-01-21 12:59:23.580000000,1970-01-21 13:00:07.789090909,Xuân
Thanh Hóa,Bắc Trung Bộ,2026-03-30,27.10909090909091,31.263636363636362,24.00909090909091,31.4,37.03636363636363,28.045454545454547,0.045454545454545456,0.045454545454545456,0.0,0.45454545454545453,83.72727272727273,21.30909090909091,37.60909090909091,18.513636363636365,1006.1636363636363,34.63636363636363,23.836363636363636,0.0,4.141818181818182,19.8074,105.77639999999998,9.737272727272726,12.3,3,14,3,150,1970-01-21 13:00:49.920000000,1970-01-21 13:01:34.200000000,Xuân
Thanh Hóa,Bắc Trung Bộ,2026-03-31,29.6,35.88181818181818,24.672727272727272,32.96363636363636,39.6,27.6,0.02727272727272727,0.02727272727272727,0.0,0.09090909090909091,67.0909090909091,23.0,42.445454545454545,20.853636363636365,1005.4818181818181,21.181818181818183,22.09090909090909,0.0,5.552727272727273,19.8074,105.77639999999998,11.911818181818182,12.32,3,14,2,200,1970-01-21 13:02:16.281818181,1970-01-21 13:03:00.616363636,Xuân
Thanh Hóa,Bắc Trung Bộ,2026-04-01,24.963636363636365,27.063636363636363,23.081818181818182,27.481818181818184,29.59090909090909,25.218181818181815,0.018181818181818184,0.018181818181818184,0.0,0.18181818181818182,79.0909090909091,23.8,45.60909090909091,13.505454545454546,1011.0090909090909,64.0,21.009090909090908,0.0,3.1681818181818184,19.8074,105.77639999999998,7.257272727272727,12.336363636363636,4,14,3,71,1970-01-21 13:03:42.621818181,1970-01-21 13:04:27.021818181,Xuân
Thanh Hóa,Bắc Trung Bộ,2026-04-02,25.727272727272727,29.781818181818185,23.40909090909091,29.70909090909091,33.96363636363637,27.59090909090909,0.19090909090909092,0.19090909090909092,0.0,1.8181818181818181,85.0,20.918181818181818,39.73636363636364,18.07090909090909,1009.4090909090909,58.81818181818182,22.918181818181818,0.0,3.652727272727273,19.8074,105.77639999999998,9.539090909090909,12.356363636363636,4,14,51,146,1970-01-21 13:05:08.967272727,1970-01-21 13:05:53.454545454,Xuân
Thanh Hóa,Bắc Trung Bộ,2026-04-03,28.11818181818182,33.872727272727275,24.136363636363637,32.627272727272725,39.88181818181818,28.236363636363638,0.0,0.0,0.0,0.0,80.45454545454545,20.181818181818183,35.018181818181816,20.39,1004.5090909090909,28.181818181818183,23.954545454545453,0.0,4.66,19.8074,105.77639999999998,10.758181818181818,12.374545454545455,4,14,3,134,1970-01-21 13:06:35.318181818,1970-01-21 13:07:19.865454545,Xuân
Thanh Hóa,Bắc Trung Bộ,2026-04-04,25.836363636363636,28.754545454545454,23.772727272727273,29.781818181818185,32.85454545454545,27.354545454545452,0.509090909090909,0.509090909090909,0.0,3.0,86.54545454545455,20.863636363636363,37.41818181818182,14.664545454545454,1005.1181818181819,49.18181818181818,23.327272727272728,0.0,3.021818181818182,19.8074,105.77639999999998,9.617272727272727,12.393636363636364,4,14,51,61,1970-01-21 13:08:01.663636363,1970-01-21 13:08:46.276363636,Xuân
Thanh Hóa,Bắc Trung Bộ,2026-04-05,27.236363636363638,31.563636363636363,23.50909090909091,32.127272727272725,38.6,28.154545454545453,0.0,0.0,0.0,0.0,83.81818181818181,17.018181818181816,30.136363636363637,19.53090909090909,1003.1636363636363,47.54545454545455,24.08181818181818,0.0,4.27,19.8074,105.77639999999998,9.66909090909091,12.411818181818182,4,14,3,165,1970-01-21 13:09:28.014545454,1970-01-21 13:10:12.681818181,Xuân
Thanh Hóa,Bắc Trung Bộ,2026-04-06,31.645454545454548,37.199999999999996,26.336363636363636,34.49090909090909,41.336363636363636,29.281818181818185,0.0,0.0,0.0,0.0,57.81818181818182,22.79090909090909,39.24545454545454,21.524545454545454,1002.7545454545453,21.727272727272727,21.754545454545454,0.0,6.890000000000001,19.8074,105.77639999999998,12.0,12.43,4,15,3,202,1970-01-21 13:10:54.360000000,1970-01-21 13:11:39.114545454,Xuân
Thanh Hóa,Bắc Trung Bộ,2026-04-07,31.636363636363637,37.872727272727275,27.236363636363638,35.018181818181816,42.57272727272727,29.8,0.0,0.0,0.0,0.0,57.81818181818182,17.772727272727273,31.05454545454546,21.82,1003.5181818181819,13.090909090909092,21.763636363636365,0.0,6.430000000000001,19.8074,105.77639999999998,11.99909090909091,12.44909090909091,4,15,2,210,1970-01-21 13:12:20.710909091,1970-01-21 13:13:05.536363636,Xuân
Thanh Hóa,Bắc Trung Bộ,2026-04-08,29.518181818181816,35.08181818181818,25.472727272727273,33.56363636363636,40.97272727272727,28.80909090909091,0.0,0.0,0.0,0.0,69.63636363636364,21.79090909090909,36.163636363636364,21.69272727272727,1004.7636363636364,8.909090909090908,23.027272727272727,0.0,5.509090909090909,19.8074,105.77639999999998,11.997272727272728,12.466363636363637,4,15,2,157,1970-01-21 13:13:47.067272727,1970-01-21 13:14:31.941818181,Xuân
Thanh Hóa,Bắc Trung Bộ,2026-04-09,28.981818181818184,33.60909090909091,25.336363636363636,33.5,40.56363636363636,29.5,0.0,0.0,0.0,0.0,77.18181818181819,22.327272727272728,37.13636363636363,21.67909090909091,1005.3181818181819,7.181818181818182,24.30909090909091,0.0,5.162727272727273,19.8074,105.77639999999998,12.0,12.486363636363636,4,15,1,146,1970-01-21 13:15:13.412727272,1970-01-21 13:15:58.363636363,Xuân
Thanh Hóa,Bắc Trung Bộ,2026-04-10,30.218181818181815,35.85454545454545,24.845454545454547,33.52727272727273,41.22727272727273,28.44545454545454,0.0,0.0,0.0,0.0,63.63636363636363,23.718181818181815,40.74545454545455,22.667272727272728,1004.3454545454545,0.45454545454545453,21.681818181818183,0.0,6.423636363636363,19.8074,105.77639999999998,12.0,12.504545454545456,4,15,0,168,1970-01-21 13:16:39.763636363,1970-01-21 13:17:24.780000000,Xuân
Thanh Hóa,Bắc Trung Bộ,2026-04-11,31.38181818181818,36.96363636363637,26.227272727272727,32.56363636363636,40.17272727272727,27.91818181818182,0.0,0.0,0.0,0.0,47.90909090909091,24.9,43.336363636363636,22.89818181818182,1002.6454545454545,0.8181818181818182,18.345454545454547,0.0,7.83909090909091,19.8074,105.77639999999998,12.0,12.521818181818183,4,15,0,197,1970-01-21 13:18:06.114545454,1970-01-21 13:18:51.196363636,Xuân
Thanh Hóa,Bắc Trung Bộ,2026-04-12,30.627272727272725,36.67272727272727,25.736363636363638,33.163636363636364,41.13636363636363,27.454545454545453,0.0,0.0,0.0,0.0,57.72727272727273,23.536363636363635,39.57272727272727,22.79090909090909,1002.3,0.7272727272727273,20.90909090909091,0.0,6.748181818181819,19.8074,105.77639999999998,12.0,12.539090909090907,4,15,0,183,1970-01-21 13:19:32.465454545,1970-01-21 13:20:17.601818181,Xuân
Thanh Hóa,Bắc Trung Bộ,2026-04-13,29.10909090909091,33.60909090909091,24.60909090909091,33.554545454545455,39.68181818181818,29.254545454545454,0.0,0.0,0.0,0.0,75.0909090909091,21.672727272727272,36.163636363636364,21.96818181818182,1004.7727272727273,3.272727272727273,23.94545454545454,0.0,5.264545454545455,19.8074,105.77639999999998,12.0,12.556363636363637,4,16,0,161,1970-01-21 13:20:58.827272727,1970-01-21 13:21:44.034545454,Xuân
Thanh Hóa,Bắc Trung Bộ,2026-04-14,28.727272727272727,32.981818181818184,25.44545454545454,33.97272727272727,40.35454545454545,30.41818181818182,0.0,0.0,0.0,0.0,82.0909090909091,19.89090909090909,34.46363636363637,21.80181818181818,1005.4454545454545,4.636363636363637,25.19090909090909,0.0,4.817272727272727,19.8074,105.77639999999998,12.0,12.576363636363636,4,16,1,130,1970-01-21 13:22:25.178181818,1970-01-21 13:23:10.456363636,Xuân
Thanh Hóa,Bắc Trung Bộ,2026-04-15,28.19090909090909,32.04545454545455,25.40909090909091,33.81818181818182,39.92727272727273,30.61818181818182,0.009090909090909092,0.009090909090909092,0.0,0.09090909090909091,85.63636363636364,19.518181818181816,34.43636363636364,21.401818181818182,1004.8090909090909,8.727272727272727,25.472727272727273,0.0,4.488181818181818,19.8074,105.77639999999998,11.915454545454544,12.593636363636364,4,16,1,114,1970-01-21 13:23:51.534545454,1970-01-21 13:24:36.861818181,Xuân
Thanh Hóa,Bắc Trung Bộ,2026-04-16,27.70909090909091,31.572727272727274,25.263636363636362,33.60909090909091,39.6,30.49090909090909,0.0,0.0,0.0,0.0,87.0909090909091,18.400000000000002,33.418181818181814,21.44,1006.1909090909091,12.636363636363637,25.254545454545454,0.0,4.415454545454545,19.8074,105.77639999999998,11.80909090909091,12.610909090909091,4,16,3,134,1970-01-21 13:25:17.880000000,1970-01-21 13:26:03.294545454,Xuân
Thanh Hóa,Bắc Trung Bộ,2026-04-17,26.736363636363638,29.236363636363638,24.963636363636365,31.50909090909091,34.699999999999996,28.6,15.727272727272727,15.727272727272727,0.0,12.545454545454545,90.0909090909091,20.990909090909092,39.17272727272727,12.147272727272728,1008.7545454545453,73.0909090909091,24.927272727272726,0.0,2.5454545454545454,19.8074,105.77639999999998,5.331818181818182,12.626363636363637,4,16,63,123,1970-01-21 13:26:44.241818181,1970-01-21 13:27:29.705454545,Xuân
Thanh Hóa,Bắc Trung Bộ,2026-04-18,26.281818181818185,28.91818181818182,23.4,30.44545454545454,33.627272727272725,27.663636363636364,8.236363636363636,8.236363636363636,0.0,12.0,84.36363636363636,18.11818181818182,34.74545454545454,17.46,1010.5818181818181,83.72727272727273,23.3,0.0,3.710909090909091,19.8074,105.77639999999998,8.642727272727273,12.646363636363638,4,16,63,120,1970-01-21 13:28:10.592727272,1970-01-21 13:28:56.116363636,Xuân
Thanh Hóa,Bắc Trung Bộ,2026-04-19,26.163636363636364,28.363636363636363,24.763636363636362,29.927272727272726,31.99090909090909,28.627272727272725,0.9363636363636364,0.9363636363636364,0.0,4.090909090909091,84.0,19.563636363636363,37.09090909090909,15.412727272727272,1009.6727272727272,67.36363636363636,23.154545454545453,0.0,3.297272727272727,19.8074,105.77639999999998,9.033636363636363,12.664545454545454,4,16,51,151,1970-01-21 13:29:36.949090909,1970-01-21 13:30:22.532727272,Xuân
Thanh Hóa,Bắc Trung Bộ,2026-04-20,26.327272727272728,29.281818181818185,24.027272727272727,30.29090909090909,33.53636363636363,28.018181818181816,0.29090909090909095,0.29090909090909095,0.0,2.3636363636363638,85.36363636363636,19.88181818181818,37.38181818181818,15.355454545454545,1008.1,56.18181818181818,23.59090909090909,0.0,3.271818181818182,19.8074,105.77639999999998,7.963636363636363,12.682727272727272,4,17,51,161,1970-01-21 13:31:03.300000000,1970-01-21 13:31:48.954545454,Xuân
Thanh Hóa,Bắc Trung Bộ,2026-04-21,27.527272727272727,31.263636363636365,25.072727272727274,31.89090909090909,36.845454545454544,29.41818181818182,0.009090909090909092,0.009090909090909092,0.0,0.09090909090909091,83.9090909090909,22.327272727272728,41.02727272727273,21.21,1005.8363636363637,42.09090909090909,24.454545454545453,0.0,4.455454545454545,19.8074,105.77639999999998,11.727272727272727,12.69818181818182,4,17,3,165,1970-01-21 13:32:29.661818181,1970-01-21 13:33:15.376363636,Xuân
Thanh Hóa,Bắc Trung Bộ,2026-04-22,28.754545454545454,33.75454545454546,25.2,33.78181818181818,40.17272727272727,29.89090909090909,0.0,0.0,0.0,0.0,81.72727272727273,21.436363636363637,37.29090909090909,22.26090909090909,1003.9818181818181,14.727272727272727,25.072727272727274,0.0,5.005454545454546,19.8074,105.77639999999998,11.94818181818182,12.716363636363637,4,17,2,149,1970-01-21 13:33:56.018181818,1970-01-21 13:34:41.781818181,Xuân
Thanh Hóa,Bắc Trung Bộ,2026-04-23,25.854545454545452,28.263636363636365,24.254545454545454,29.90909090909091,33.836363636363636,26.9,15.645454545454545,15.645454545454545,0.0,7.090909090909091,86.63636363636364,25.49090909090909,46.75454545454545,9.539090909090909,1006.8818181818183,87.36363636363636,23.38181818181818,0.0,2.112727272727273,19.8074,105.77639999999998,2.9490909090909088,12.734545454545456,4,17,65,45,1970-01-21 13:35:22.374545454,1970-01-21 13:36:08.214545454,Xuân
Thanh Hóa,Bắc Trung Bộ,2026-04-24,24.536363636363635,26.172727272727272,23.281818181818185,28.063636363636363,29.436363636363637,26.645454545454548,15.227272727272727,15.227272727272727,0.0,13.909090909090908,87.0909090909091,15.727272727272727,28.5,7.723636363636363,1011.1272727272727,89.18181818181819,22.172727272727272,0.0,1.820909090909091,19.8074,105.77639999999998,0.9236363636363637,12.752727272727272,4,17,63,47,1970-01-21 13:36:48.730909091,1970-01-21 13:37:34.636363636,Xuân
Thanh Hóa,Bắc Trung Bộ,2026-04-25,25.30909090909091,28.172727272727272,23.154545454545453,28.7,31.936363636363637,26.572727272727274,0.6090909090909091,0.6090909090909091,0.0,3.4545454545454546,80.9090909090909,15.963636363636363,30.1,19.39727272727273,1013.6454545454545,80.45454545454545,21.672727272727272,0.0,3.975454545454546,19.8074,105.77639999999998,10.42090909090909,12.766363636363637,4,17,51,64,1970-01-21 13:38:15.092727272,1970-01-21 13:39:01.041818181,Xuân
Thanh Hóa,Bắc Trung Bộ,2026-04-26,25.58181818181818,28.727272727272727,22.572727272727274,29.70909090909091,33.21818181818182,26.99090909090909,1.1090909090909091,1.1090909090909091,0.0,4.181818181818182,82.63636363636364,14.090909090909092,28.654545454545453,19.487272727272728,1011.3272727272728,80.0909090909091,22.263636363636365,0.0,4.010909090909091,19.8074,105.77639999999998,9.936363636363636,12.784545454545453,4,17,51,136,1970-01-21 13:39:41.449090909,1970-01-21 13:40:27.474545454,Xuân
Thanh Hóa,Bắc Trung Bộ,2026-04-27,26.527272727272727,30.172727272727272,23.827272727272728,31.045454545454547,34.945454545454545,28.3,0.8454545454545456,0.8454545454545456,0.0,5.181818181818182,85.54545454545455,17.900000000000002,34.08181818181818,20.342727272727274,1008.1,48.54545454545455,23.745454545454546,0.0,4.076363636363637,19.8074,105.77639999999998,10.666363636363636,12.802727272727275,4,18,51,170,1970-01-21 13:41:07.805454545,1970-01-21 13:41:53.896363636,Xuân
Thanh Hóa,Bắc Trung Bộ,2026-04-28,27.318181818181817,31.7,24.272727272727273,32.52727272727273,38.49090909090909,29.427272727272726,0.5181818181818182,0.5181818181818182,0.0,0.2727272727272727,84.9090909090909,15.545454545454545,29.754545454545454,20.470909090909092,1006.3,47.09090909090909,24.336363636363636,0.0,4.301818181818182,19.8074,105.77639999999998,10.157272727272728,12.818181818181818,4,18,3,170,1970-01-21 13:42:34.172727272,1970-01-21 13:43:20.301818181,Xuân
Thanh Hóa,Bắc Trung Bộ,2026-04-29,25.863636363636363,27.781818181818185,23.372727272727275,27.5,31.536363636363635,24.518181818181816,0.03636363636363637,0.03636363636363637,0.0,0.2727272727272727,70.81818181818181,29.44545454545454,53.22727272727273,19.930909090909093,1010.9454545454545,78.0909090909091,19.89090909090909,0.0,4.673636363636363,19.8074,105.77639999999998,9.635454545454547,12.833636363636362,4,18,3,14,1970-01-21 13:44:00.529090909,1970-01-21 13:44:46.734545454,Xuân
Thanh Hóa,Bắc Trung Bộ,2026-04-30,24.20909090909091,27.44545454545454,21.936363636363634,25.672727272727272,30.40909090909091,22.454545454545453,0.0,0.0,0.0,0.0,68.0909090909091,16.509090909090908,31.718181818181815,20.36818181818182,1014.9363636363636,42.63636363636363,17.78181818181818,0.0,4.551818181818182,19.8074,105.77639999999998,10.65090909090909,12.848181818181816,4,18,3,60,1970-01-21 13:45:26.896363636,1970-01-21 13:46:13.156363636,Xuân
Thanh Hóa,Bắc Trung Bộ,2026-05-01,24.745454545454546,28.027272727272727,21.245454545454546,27.281818181818185,30.872727272727275,23.936363636363637,0.0,0.0,0.0,0.0,73.18181818181819,16.736363636363635,32.518181818181816,21.569090909090907,1011.9363636363636,65.0909090909091,19.436363636363637,0.0,4.5645454545454545,19.8074,105.77639999999998,11.622727272727273,12.864545454545453,5,18,3,149,1970-01-21 13:46:53.269090909,1970-01-21 13:47:39.567272727,Xuân
Thanh Hóa,Bắc Trung Bộ,2026-05-02,26.981818181818184,31.045454545454547,23.718181818181815,31.145454545454548,35.76363636363636,27.218181818181815,0.2545454545454545,0.2545454545454545,0.0,1.5454545454545454,81.81818181818181,21.3,39.56363636363636,19.335454545454546,1008.5545454545455,81.63636363636364,23.44545454545454,0.0,4.115454545454546,19.8074,105.77639999999998,9.916363636363636,12.88,5,18,51,169,1970-01-21 13:48:19.620000000,1970-01-21 13:49:06.000000000,Xuân
Thanh Hóa,Bắc Trung Bộ,2026-05-03,26.58181818181818,30.763636363636362,23.272727272727273,31.854545454545452,37.74545454545454,26.872727272727275,26.263636363636365,26.263636363636365,0.0,12.0,88.27272727272727,17.3,33.43636363636364,16.885454545454543,1009.5090909090909,61.54545454545455,24.41818181818182,0.0,3.4709090909090907,19.8074,105.77639999999998,9.0,12.896363636363638,5,18,65,8,1970-01-21 13:49:45.992727272,1970-01-21 13:50:32.416363636,Xuân
Thanh Hóa,Bắc Trung Bộ,2026-05-04,23.072727272727274,25.136363636363637,20.790909090909093,24.58181818181818,27.29090909090909,20.945454545454545,25.536363636363635,25.536363636363635,0.0,8.818181818181818,80.45454545454545,22.28181818181818,38.58181818181818,13.224545454545455,1014.7454545454547,81.0909090909091,19.381818181818183,0.0,2.891818181818182,19.8074,105.77639999999998,5.509090909090909,12.909999999999998,5,19,65,6,1970-01-21 13:51:12.354545454,1970-01-21 13:51:58.838181818,Xuân
Thanh Hóa,Bắc Trung Bộ,2026-05-05,25.072727272727274,28.863636363636363,21.236363636363635,28.38181818181818,33.07272727272727,24.3,0.0,0.0,0.0,0.0,79.18181818181819,16.981818181818184,32.49090909090909,19.572727272727274,1012.0181818181819,42.36363636363637,21.018181818181816,0.0,4.095454545454546,19.8074,105.77639999999998,11.628181818181817,12.92818181818182,5,19,3,126,1970-01-21 13:52:38.732727272,1970-01-21 13:53:25.270909091,Xuân
Thanh Hóa,Bắc Trung Bộ,2026-05-06,26.58181818181818,30.363636363636363,23.472727272727273,30.79090909090909,35.36363636363637,27.40909090909091,0.1272727272727273,0.1272727272727273,0.0,1.0909090909090908,83.18181818181819,19.745454545454546,38.13636363636363,21.60363636363636,1008.7727272727273,41.54545454545455,23.363636363636363,0.0,4.403636363636363,19.8074,105.77639999999998,11.732727272727272,12.94,5,19,51,165,1970-01-21 13:54:05.094545454,1970-01-21 13:54:51.676363636,Xuân
Thanh Hóa,Bắc Trung Bộ,2026-05-07,27.354545454545452,30.036363636363635,25.336363636363636,32.71818181818182,35.92727272727273,30.60909090909091,3.3272727272727276,3.3272727272727276,0.0,8.0,87.72727272727273,17.663636363636364,34.163636363636364,17.66090909090909,1008.6363636363636,64.0909090909091,25.036363636363635,0.0,3.5463636363636364,19.8074,105.77639999999998,9.280909090909091,12.958181818181817,5,19,51,122,1970-01-21 13:55:31.467272727,1970-01-21 13:56:18.109090909,Xuân
Thanh Hóa,Bắc Trung Bộ,2026-05-08,25.8,28.227272727272727,24.29090909090909,30.718181818181815,33.77272727272727,28.654545454545453,10.409090909090908,10.409090909090908,0.0,17.09090909090909,91.18181818181819,13.554545454545455,24.60909090909091,11.80909090909091,1011.8909090909091,86.27272727272727,24.2,0.0,2.4109090909090907,19.8074,105.77639999999998,5.338181818181818,12.97,5,19,61,46,1970-01-21 13:56:57.834545454,1970-01-21 13:57:44.536363636,Xuân
Thanh Hóa,Bắc Trung Bộ,2026-05-09,25.5,27.89090909090909,23.463636363636365,29.4,31.44545454545454,27.58181818181818,9.536363636363637,9.536363636363637,0.0,14.454545454545455,86.18181818181819,17.527272727272727,32.9,13.899090909090908,1013.4818181818181,92.54545454545455,22.945454545454545,0.0,2.9400000000000004,19.8074,105.77639999999998,7.380909090909091,12.987272727272728,5,19,63,23,1970-01-21 13:58:24.207272727,1970-01-21 13:59:10.947272727,Xuân
Thanh Hóa,Bắc Trung Bộ,2026-05-10,25.80909090909091,28.40909090909091,23.727272727272727,29.70909090909091,32.290909090909096,27.472727272727273,1.0818181818181818,1.0818181818181818,0.0,6.181818181818182,82.0909090909091,14.827272727272726,28.372727272727275,17.69818181818182,1013.1272727272727,75.18181818181819,22.418181818181818,0.0,3.6754545454545453,19.8074,105.77639999999998,9.202727272727273,13.0,5,19,51,48,1970-01-21 13:59:50.574545454,1970-01-21 14:00:37.380000000,Xuân
Thanh Hóa,Bắc Trung Bộ,2026-05-11,26.44545454545454,29.39090909090909,23.436363636363637,31.345454545454547,34.82727272727273,28.3,0.5363636363636364,0.5363636363636364,0.0,3.6363636363636362,84.45454545454545,14.7,28.44545454545454,21.05,1011.4181818181819,72.63636363636364,23.49090909090909,0.0,4.2318181818181815,19.8074,105.77639999999998,11.724545454545455,13.013636363636364,5,20,51,117,1970-01-21 14:01:16.952727272,1970-01-21 14:02:03.796363636,Xuân
Thanh Hóa,Bắc Trung Bộ,2026-05-12,27.55454545454546,31.099999999999998,24.94545454545454,32.89090909090909,36.82727272727273,30.163636363636364,1.9363636363636365,1.9363636363636365,0.0,4.2727272727272725,85.81818181818181,16.79090909090909,33.39090909090909,21.527272727272727,1007.9090909090909,81.0,24.827272727272728,0.0,4.343636363636364,19.8074,105.77639999999998,10.607272727272727,13.02818181818182,5,20,51,170,1970-01-21 14:02:43.320000000,1970-01-21 14:03:30.223636363,Xuân
Thanh Hóa,Bắc Trung Bộ,2026-05-13,28.518181818181816,32.081818181818186,26.327272727272728,34.663636363636364,40.154545454545456,31.981818181818184,6.9,6.9,0.0,6.909090909090909,87.27272727272727,17.88181818181818,33.09090909090909,19.773636363636363,1004.2181818181817,59.63636363636363,26.08181818181818,0.0,4.199090909090909,19.8074,105.77639999999998,8.269090909090908,13.04,5,20,63,173,1970-01-21 14:04:09.703636363,1970-01-21 14:04:56.656363636,Xuân
Thanh Hóa,Bắc Trung Bộ,2026-05-14,30.527272727272727,34.68181818181818,27.1,35.88181818181818,41.45454545454545,31.954545454545453,0.5363636363636364,0.5363636363636364,0.0,2.1818181818181817,73.0909090909091,17.236363636363635,29.672727272727272,21.653636363636362,1002.2636363636364,81.0,24.927272727272726,0.0,5.420909090909091,19.8074,105.77639999999998,11.53,13.055454545454547,5,20,51,202,1970-01-21 14:05:36.076363636,1970-01-21 14:06:23.067272727,Xuân
Thanh Hóa,Bắc Trung Bộ,2026-05-15,30.7,35.08181818181818,27.19090909090909,36.699999999999996,43.31818181818182,32.127272727272725,0.8545454545454546,0.8545454545454546,0.0,2.0,72.72727272727273,14.609090909090908,26.981818181818184,22.112727272727273,1002.3090909090909,71.81818181818181,25.063636363636363,0.0,5.252727272727273,19.8074,105.77639999999998,10.468181818181819,13.07,5,20,51,209,1970-01-21 14:07:02.449090909,1970-01-21 14:07:49.500000000,Xuân
Thanh Hóa,Bắc Trung Bộ,2026-05-16,29.94545454545454,34.60909090909091,27.172727272727272,36.36363636363637,43.08181818181818,32.73636363636364,14.045454545454545,14.045454545454545,0.0,10.818181818181818,79.0909090909091,16.236363636363635,30.254545454545454,21.38090909090909,1003.1181818181819,97.36363636363636,25.736363636363638,0.0,4.916363636363636,19.8074,105.77639999999998,9.634545454545455,13.08,5,20,63,33,1970-01-21 14:08:28.832727272,1970-01-21 14:09:15.916363636,Xuân
Thanh Hóa,Bắc Trung Bộ,2026-05-17,28.154545454545453,30.70909090909091,27.08181818181818,35.35454545454545,39.27272727272727,33.71818181818182,16.345454545454547,16.345454545454547,0.0,18.363636363636363,91.72727272727273,9.490909090909092,23.263636363636365,15.954545454545455,1004.3727272727273,98.81818181818181,26.672727272727272,0.0,3.3027272727272727,19.8074,105.77639999999998,6.48,13.093636363636364,5,20,63,336,1970-01-21 14:09:55.200000000,1970-01-21 14:10:42.343636363,Xuân
Thanh Hóa,Bắc Trung Bộ,2026-05-18,28.59090909090909,31.41818181818182,26.44545454545454,35.00909090909091,38.85454545454545,32.400000000000006,8.590909090909092,8.590909090909092,0.0,16.363636363636363,87.63636363636364,15.572727272727274,30.90909090909091,19.78181818181818,1004.2727272727273,97.18181818181819,26.218181818181815,0.0,4.162727272727273,19.8074,105.77639999999998,9.661818181818182,13.107272727272727,5,21,61,155,1970-01-21 14:11:21.589090909,1970-01-21 14:12:08.776363636,Xuân
Thanh Hóa,Bắc Trung Bộ,2026-05-19,28.718181818181815,31.454545454545453,26.572727272727274,34.86363636363637,37.82727272727273,31.736363636363638,17.754545454545454,17.754545454545454,0.0,11.727272727272727,88.0,18.87272727272727,34.300000000000004,16.295454545454547,1003.5545454545455,98.81818181818181,26.463636363636365,0.0,3.5290909090909093,19.8074,105.77639999999998,6.791818181818183,13.12,5,21,63,161,1970-01-21 14:12:47.967272727,1970-01-21 14:13:35.192727272,Xuân
Thanh Hóa,Bắc Trung Bộ,2026-05-20,27.972727272727273,30.863636363636363,25.836363636363636,33.99090909090909,37.345454545454544,31.454545454545453,19.29090909090909,19.29090909090909,0.0,14.363636363636363,88.36363636363636,17.154545454545453,34.32727272727273,14.310909090909092,1003.6545454545455,97.9090909090909,25.8,0.0,3.0936363636363637,19.8074,105.77639999999998,4.904545454545455,13.13,5,21,63,167,1970-01-21 14:14:14.345454545,1970-01-21 14:15:01.620000000,Xuân
Thanh Hóa,Bắc Trung Bộ,2026-05-21,28.545454545454547,31.227272727272727,26.572727272727274,34.73636363636364,38.24545454545454,31.636363636363637,12.327272727272726,12.327272727272726,0.0,14.727272727272727,88.54545454545455,16.90909090909091,35.35454545454545,13.737272727272726,1005.6090909090909,98.63636363636364,26.38181818181818,0.0,3.0545454545454547,19.8074,105.77639999999998,4.042727272727273,13.140000000000002,5,21,63,164,1970-01-21 14:15:40.729090909,1970-01-21 14:16:28.036363636,Xuân
Thanh Hóa,Bắc Trung Bộ,2026-05-22,30.29090909090909,33.41818181818182,27.70909090909091,35.800000000000004,39.836363636363636,32.88181818181818,0.5272727272727272,0.5272727272727272,0.0,2.5454545454545454,78.81818181818181,20.318181818181817,35.70909090909091,22.60727272727273,1006.1818181818181,92.54545454545455,26.018181818181816,0.0,5.3136363636363635,19.8074,105.77639999999998,11.354545454545455,13.15090909090909,5,21,51,172,1970-01-21 14:17:07.123636363,1970-01-21 14:17:54.463636363,Xuân
Thanh Hóa,Bắc Trung Bộ,2026-05-23,31.3,34.32727272727272,28.55454545454546,35.53636363636363,40.09090909090909,31.818181818181817,0.05454545454545454,0.05454545454545454,0.0,0.5454545454545454,68.0,21.58181818181818,37.154545454545456,23.513636363636362,1005.3727272727273,69.36363636363636,24.58181818181818,0.0,6.424545454545455,19.8074,105.77639999999998,11.96,13.160909090909092,5,21,3,192,1970-01-21 14:18:33.501818181,1970-01-21 14:19:20.896363636,Xuân
Thanh Hóa,Bắc Trung Bộ,2026-05-24,32.154545454545456,36.13636363636363,29.05454545454546,36.43636363636364,42.42727272727273,32.41818181818182,0.16363636363636364,0.16363636363636364,0.0,1.0909090909090908,63.72727272727273,20.436363636363637,36.809090909090905,25.216363636363635,1005.1636363636363,73.45454545454545,24.29090909090909,0.0,7.071818181818182,19.8074,105.77639999999998,12.02090909090909,13.172727272727274,5,21,51,198,1970-01-21 14:19:59.885454545,1970-01-21 14:20:47.301818181,Xuân
Thanh Hóa,Bắc Trung Bộ,2026-05-25,32.71818181818182,36.74545454545454,29.41818181818182,36.95454545454545,42.82727272727273,32.58181818181818,0.09090909090909091,0.09090909090909091,0.0,0.6363636363636364,61.45454545454545,20.354545454545455,35.97272727272727,25.614545454545453,1003.7454545454547,42.09090909090909,24.145454545454548,0.0,7.415454545454545,19.8074,105.77639999999998,12.003636363636362,13.182727272727272,5,22,3,202,1970-01-21 14:21:26.269090909,1970-01-21 14:22:13.740000000,Xuân
Thanh Hóa,Bắc Trung Bộ,2026-05-26,33.03636363636363,37.190909090909095,29.272727272727273,37.58181818181818,43.4,32.93636363636364,0.05454545454545454,0.05454545454545454,0.0,0.5454545454545454,60.45454545454545,18.636363636363637,32.72727272727273,25.833636363636366,1002.5909090909091,2.090909090909091,24.127272727272725,0.0,7.345454545454545,19.8074,105.77639999999998,12.219999999999999,13.192727272727273,5,22,0,207,1970-01-21 14:22:52.669090909,1970-01-21 14:23:40.156363636,Xuân
Thanh Hóa,Bắc Trung Bộ,2026-05-27,32.518181818181816,36.90909090909091,29.336363636363636,38.0,44.654545454545456,33.53636363636363,0.11818181818181818,0.11818181818181818,0.0,0.9090909090909091,66.63636363636364,20.154545454545453,34.981818181818184,25.769090909090906,1004.2090909090908,14.181818181818182,25.236363636363638,0.0,6.736363636363635,19.8074,105.77639999999998,12.2,13.202727272727271,5,22,51,164,1970-01-21 14:24:19.052727272,1970-01-21 14:25:06.583636363,Xuân
Thanh Hóa,Bắc Trung Bộ,2026-05-28,30.981818181818184,34.93636363636364,27.545454545454547,38.554545454545455,43.61818181818182,34.97272727272727,0.09090909090909091,0.09090909090909091,0.0,0.45454545454545453,80.72727272727273,15.654545454545454,30.127272727272725,25.462727272727275,1006.8272727272728,26.272727272727273,27.018181818181816,0.0,5.558181818181819,19.8074,105.77639999999998,12.124545454545455,13.210909090909091,5,22,3,93,1970-01-21 14:25:45.441818181,1970-01-21 14:26:33.016363636,Xuân
Thanh Hóa,Bắc Trung Bộ,2026-05-29,29.263636363636362,31.46363636363636,25.863636363636363,36.336363636363636,39.67272727272727,31.29090909090909,10.136363636363637,10.136363636363637,0.0,12.636363636363637,85.54545454545455,11.827272727272726,24.91818181818182,19.67818181818182,1008.7,66.63636363636364,26.572727272727274,0.0,4.119090909090909,19.8074,105.77639999999998,10.494545454545454,13.22090909090909,5,22,63,10,1970-01-21 14:27:11.836363636,1970-01-21 14:27:59.427272727,Xuân
Thanh Hóa,Bắc Trung Bộ,2026-05-30,28.681818181818183,32.699999999999996,24.545454545454547,34.39090909090909,38.97272727272727,28.69090909090909,4.836363636363636,4.836363636363636,0.0,11.0,81.72727272727273,14.418181818181818,28.827272727272728,18.688181818181818,1009.7272727272727,82.18181818181819,25.036363636363635,0.0,4.158181818181818,19.8074,105.77639999999998,7.797272727272727,13.23,5,22,61,40,1970-01-21 14:28:38.225454545,1970-01-21 14:29:25.865454545,Xuân
Thanh Hóa,Bắc Trung Bộ,2026-05-31,28.818181818181817,32.699999999999996,25.036363636363635,34.52727272727273,40.03636363636363,30.281818181818185,1.5818181818181818,1.5818181818181818,0.0,7.636363636363637,79.81818181818181,14.8,29.154545454545453,24.953636363636363,1008.7909090909092,21.0,24.763636363636362,0.0,5.407272727272727,19.8074,105.77639999999998,12.045454545454545,13.239090909090908,5,22,51,105,1970-01-21 14:30:04.620000000,1970-01-21 14:30:52.276363636,Xuân
Thanh Hóa,Bắc Trung Bộ,2026-06-01,30.05454545454546,33.47272727272727,26.654545454545453,35.96363636363637,40.77272727272727,32.17272727272727,0.4727272727272727,0.4727272727272727,0.0,2.5454545454545454,77.63636363636364,16.027272727272727,31.127272727272725,25.39454545454545,1007.3909090909091,12.909090909090908,25.545454545454547,0.0,5.6890909090909085,19.8074,105.77639999999998,12.219090909090909,13.247272727272728,6,23,51,161,1970-01-21 14:31:31.009090909,1970-01-21 14:32:18.703636363,Hè
Thanh Hóa,Bắc Trung Bộ,2026-06-02,30.49090909090909,33.300000000000004,27.89090909090909,36.90909090909091,40.74545454545454,34.518181818181816,0.34545454545454546,0.34545454545454546,0.0,1.5454545454545454,80.0,18.69090909090909,36.64545454545455,24.974545454545453,1005.3090909090909,19.545454545454547,26.50909090909091,0.0,5.503636363636364,19.8074,105.77639999999998,12.211818181818181,13.252727272727272,6,23,51,157,1970-01-21 14:32:57.409090909,1970-01-21 14:33:45.136363636,Hè
Thanh Hóa,Bắc Trung Bộ,2026-06-03,31.10909090909091,35.35454545454545,28.336363636363636,38.0,43.26363636363636,35.11818181818182,1.4272727272727275,1.4272727272727275,0.0,2.272727272727273,79.0,18.463636363636365,35.60909090909091,25.201818181818183,1002.5727272727272,9.454545454545455,26.772727272727273,0.0,5.681818181818182,19.8074,105.77639999999998,11.981818181818182,13.260909090909092,6,23,51,170,1970-01-21 14:34:23.809090909,1970-01-21 14:35:11.547272727,Hè
Thanh Hóa,Bắc Trung Bộ,2026-06-04,31.654545454545453,37.03636363636363,27.94545454545454,38.92727272727273,45.1,34.76363636363636,1.6454545454545455,1.6454545454545455,0.0,3.0,76.45454545454545,13.390909090909092,26.2,25.19181818181818,1001.7363636363636,26.181818181818183,26.536363636363635,0.0,5.722727272727273,19.8074,105.77639999999998,12.188181818181818,13.26909090909091,6,23,61,178,1970-01-21 14:35:50.209090909,1970-01-21 14:36:37.974545454,Hè
